{"cookies": [{"name": "_ga", "value": "GA1.1.1591345969.1763703864", "domain": ".340bpriceguide.net", "path": "/", "expires": 1798263929.543647, "httpOnly": false, "secure": false, "sameSite": "Lax"}, {"name": "779c33247f23531be79d1881a78e8629", "value": "9urtss28coa5sjcudcodh4d6cr", "domain": "www.340bpriceguide.net", "path": "/", "expires": -1, "httpOnly": true, "secure": true, "sameSite": "Lax"}, {"name": "joomla_user_state", "value": "logged_in", "domain": "www.340bpriceguide.net", "path": "/", "expires": -1, "httpOnly": true, "secure": true, "sameSite": "Lax"}, {"name": "_ga_F28ZDW9C20", "value": "GS2.1.s1763703863$o1$g1$t1763703930$j59$l0$h0", "domain": ".340bpriceguide.net", "path": "/", "expires": 1798263930.530526, "httpOnly": false, "secure": false, "sameSite": "Lax"}], "origins": []}