[
  {
    "page_title": "Contact Us - 340B Price Guide",
    "hyper_text": "Home",
    "link": "https://www.340bpriceguide.net/"
  },
  {
    "page_title": "Contact Us - 340B Price Guide",
    "hyper_text": "Search",
    "link": "https://www.340bpriceguide.net/340b-search"
  },
  {
    "page_title": "Contact Us - 340B Price Guide",
    "hyper_text": "Articles",
    "link": "https://www.340bpriceguide.net/articles-news"
  },
  {
    "page_title": "Contact Us - 340B Price Guide",
    "hyper_text": "About",
    "link": "https://www.340bpriceguide.net/about-us"
  },
  {
    "page_title": "Contact Us - 340B Price Guide",
    "hyper_text": "Contact",
    "link": "https://www.340bpriceguide.net/contact-us"
  },
  {
    "page_title": "Contact Us - 340B Price Guide",
    "hyper_text": "Profile",
    "link": "https://www.340bpriceguide.net/my-profile"
  },
  {
    "page_title": "Contact Us - 340B Price Guide",
    "hyper_text": "Logout",
    "link": "https://www.340bpriceguide.net/logout"
  },
  {
    "page_title": "Contact Us - 340B Price Guide",
    "hyper_text": "SecureMsg",
    "link": "https://www.340bpriceguide.net/secure-message"
  },
  {
    "page_title": "Contact Us - 340B Price Guide",
    "hyper_text": "Print",
    "link": "https://www.340bpriceguide.net/contact-us?tmpl=component&print=1"
  },
  {
    "page_title": "Contact Us - 340B Price Guide",
    "hyper_text": "Email",
    "link": "https://www.340bpriceguide.net/component/mailto/?tmpl=component&template=rt_chapelco_child&link=20a9a98bd3685953cd19aae8554484753618b4d3"
  },
  {
    "page_title": "Contact Us - 340B Price Guide",
    "hyper_text": "Home",
    "link": "https://www.340bpriceguide.net/index.php"
  },
  {
    "page_title": "Contact Us - 340B Price Guide",
    "hyper_text": "About Us",
    "link": "https://www.340bpriceguide.net/index.php/about-us"
  },
  {
    "page_title": "Contact Us - 340B Price Guide",
    "hyper_text": "Articles & News",
    "link": "https://www.340bpriceguide.net/index.php/articles-news"
  },
  {
    "page_title": "Contact Us - 340B Price Guide",
    "hyper_text": "Contact Us",
    "link": "https://www.340bpriceguide.net/index.php/contact-us"
  },
  {
    "page_title": "Contact Us - 340B Price Guide",
    "hyper_text": "Linkedin",
    "link": "https://www.linkedin.com/in/torey-c-lam-387a162a"
  },
  {
    "page_title": "Contact Us - 340B Price Guide",
    "hyper_text": "info@340Bpriceguide.net",
    "link": "mailto:info@340Bpriceguide.com"
  },
  {
    "page_title": "Contact Us - 340B Price Guide",
    "hyper_text": "TOP",
    "link": "https://www.340bpriceguide.net/contact-us"
  },
  {
    "page_title": "Contact Us - 340B Price Guide",
    "hyper_text": "www.hrsa.gov/opa",
    "link": "http://www.hrsa.gov/opa"
  }
]