[
  {
    "page_title": "Contact Us | Talk to Our Sales Compensation Experts | COMP360",
    "hyper_text": "Skip to content",
    "link": "https://comp360software.com/contact-us/#content"
  },
  {
    "page_title": "Contact Us | Talk to Our Sales Compensation Experts | COMP360",
    "hyper_text": "Home",
    "link": "https://comp360software.com/"
  },
  {
    "page_title": "Contact Us | Talk to Our Sales Compensation Experts | COMP360",
    "hyper_text": "Product",
    "link": "https://comp360software.com/product/"
  },
  {
    "page_title": "Contact Us | Talk to Our Sales Compensation Experts | COMP360",
    "hyper_text": "Commission Management",
    "link": "https://comp360software.com/product/commission-management/"
  },
  {
    "page_title": "Contact Us | Talk to Our Sales Compensation Experts | COMP360",
    "hyper_text": "Quota Management",
    "link": "https://comp360software.com/product/quota-management/"
  },
  {
    "page_title": "Contact Us | Talk to Our Sales Compensation Experts | COMP360",
    "hyper_text": "Compensation Planning",
    "link": "https://comp360software.com/product/compensation-planning/"
  },
  {
    "page_title": "Contact Us | Talk to Our Sales Compensation Experts | COMP360",
    "hyper_text": "Dashboards & Analytics",
    "link": "https://comp360software.com/product/dashboard-and-analytics/"
  },
  {
    "page_title": "Contact Us | Talk to Our Sales Compensation Experts | COMP360",
    "hyper_text": "Third-party Integrations",
    "link": "https://comp360software.com/product/third-party-integrations/"
  },
  {
    "page_title": "Contact Us | Talk to Our Sales Compensation Experts | COMP360",
    "hyper_text": "Pricing",
    "link": "https://comp360software.com/pricing/"
  },
  {
    "page_title": "Contact Us | Talk to Our Sales Compensation Experts | COMP360",
    "hyper_text": "About Us",
    "link": "https://comp360software.com/about-us/"
  },
  {
    "page_title": "Contact Us | Talk to Our Sales Compensation Experts | COMP360",
    "hyper_text": "Testimonials",
    "link": "https://comp360software.com/testimonials/"
  },
  {
    "page_title": "Contact Us | Talk to Our Sales Compensation Experts | COMP360",
    "hyper_text": "Contact Us",
    "link": "https://comp360software.com/contact-us/"
  },
  {
    "page_title": "Contact Us | Talk to Our Sales Compensation Experts | COMP360",
    "hyper_text": "Request a Demo",
    "link": "https://comp360software.com/request-a-demo/"
  },
  {
    "page_title": "Contact Us | Talk to Our Sales Compensation Experts | COMP360",
    "hyper_text": "Request a Demo",
    "link": "https://comp360software.com/request-a-demo/"
  },
  {
    "page_title": "Contact Us | Talk to Our Sales Compensation Experts | COMP360",
    "hyper_text": "+1 737 328 6762",
    "link": "tel:+1 737 328 6762"
  },
  {
    "page_title": "Contact Us | Talk to Our Sales Compensation Experts | COMP360",
    "hyper_text": "contact@comp360.cloud",
    "link": "mailto:contact@comp360.cloud"
  },
  {
    "page_title": "Contact Us | Talk to Our Sales Compensation Experts | COMP360",
    "hyper_text": "1464 Whitestone Blvd Ste 504 Cedar Park, TX 78613, USA",
    "link": "https://maps.app.goo.gl/CC9DY6rexKPuTpsw6"
  },
  {
    "page_title": "Contact Us | Talk to Our Sales Compensation Experts | COMP360",
    "hyper_text": "Suite 301, Plot No. 41C-5, Al Murtaza Commercial Lane No. 1, Phase VIII, DHA, Karachi, Pakistan",
    "link": "https://maps.app.goo.gl/rb3kcBjdX6Sx96Nu9"
  },
  {
    "page_title": "Contact Us | Talk to Our Sales Compensation Experts | COMP360",
    "hyper_text": "Request a Demo",
    "link": "https://comp360software.com/request-a-demo/"
  },
  {
    "page_title": "Contact Us | Talk to Our Sales Compensation Experts | COMP360",
    "hyper_text": "See Pricing",
    "link": "https://comp360software.com/pricing/"
  },
  {
    "page_title": "Contact Us | Talk to Our Sales Compensation Experts | COMP360",
    "hyper_text": "Commission Management",
    "link": "https://comp360software.com/product/commission-management/"
  },
  {
    "page_title": "Contact Us | Talk to Our Sales Compensation Experts | COMP360",
    "hyper_text": "Quota Management",
    "link": "https://comp360software.com/product/quota-management/"
  },
  {
    "page_title": "Contact Us | Talk to Our Sales Compensation Experts | COMP360",
    "hyper_text": "Compensation Planning",
    "link": "https://comp360software.com/product/compensation-planning/"
  },
  {
    "page_title": "Contact Us | Talk to Our Sales Compensation Experts | COMP360",
    "hyper_text": "Dashboards & Analytics",
    "link": "https://comp360software.com/product/dashboards-analytics/"
  },
  {
    "page_title": "Contact Us | Talk to Our Sales Compensation Experts | COMP360",
    "hyper_text": "Third-party Integrations",
    "link": "https://comp360software.com/product/third-party-integrations/"
  },
  {
    "page_title": "Contact Us | Talk to Our Sales Compensation Experts | COMP360",
    "hyper_text": "About Us",
    "link": "https://comp360software.com/about-us/"
  },
  {
    "page_title": "Contact Us | Talk to Our Sales Compensation Experts | COMP360",
    "hyper_text": "Contact Us",
    "link": "https://comp360software.com/contact-us/"
  },
  {
    "page_title": "Contact Us | Talk to Our Sales Compensation Experts | COMP360",
    "hyper_text": "COMP360",
    "link": "https://comp360software.com/"
  },
  {
    "page_title": "Contact Us | Talk to Our Sales Compensation Experts | COMP360",
    "hyper_text": "Terms of Service",
    "link": "https://comp360software.com/terms-of-service/"
  },
  {
    "page_title": "Contact Us | Talk to Our Sales Compensation Experts | COMP360",
    "hyper_text": "Privacy Policy",
    "link": "https://comp360software.com/privacy-policy/"
  }
]