[
  {
    "text": "ABOUT US",
    "href": "https://dayzee.com/about/"
  },
  {
    "text": "LIVESTOCK",
    "href": "https://dayzee.com/live-stock/"
  },
  {
    "text": "AGRICULTURE",
    "href": "https://dayzee.com/agriculture/"
  },
  {
    "text": "RENEWABLE ENERGY",
    "href": "https://dayzee.com/renewable-energy/"
  },
  {
    "text": "GALLERY",
    "href": "https://dayzee.com/gallery/"
  },
  {
    "text": "CONTACT US",
    "href": "https://dayzee.com/contact-us/"
  }
]