[
  {
    "text": "Home",
    "href": "https://www.340bpriceguide.net/"
  },
  {
    "text": "Search",
    "href": "https://www.340bpriceguide.net/340b-search"
  },
  {
    "text": "Articles",
    "href": "https://www.340bpriceguide.net/articles-news"
  },
  {
    "text": "About",
    "href": "https://www.340bpriceguide.net/about-us"
  },
  {
    "text": "Contact",
    "href": "https://www.340bpriceguide.net/contact-us"
  },
  {
    "text": "Profile",
    "href": "https://www.340bpriceguide.net/my-profile"
  },
  {
    "text": "Logout",
    "href": "https://www.340bpriceguide.net/logout"
  },
  {
    "text": "SecureMsg",
    "href": "https://www.340bpriceguide.net/secure-message"
  },
  {
    "text": "Print",
    "href": "https://www.340bpriceguide.net/contact-us?tmpl=component&print=1"
  },
  {
    "text": "Email",
    "href": "https://www.340bpriceguide.net/component/mailto/?tmpl=component&template=rt_chapelco_child&link=20a9a98bd3685953cd19aae8554484753618b4d3"
  },
  {
    "text": "Home",
    "href": "https://www.340bpriceguide.net/index.php"
  },
  {
    "text": "About Us",
    "href": "https://www.340bpriceguide.net/index.php/about-us"
  },
  {
    "text": "Articles & News",
    "href": "https://www.340bpriceguide.net/index.php/articles-news"
  },
  {
    "text": "Contact Us",
    "href": "https://www.340bpriceguide.net/index.php/contact-us"
  },
  {
    "text": "Linkedin",
    "href": "https://www.linkedin.com/in/torey-c-lam-387a162a"
  },
  {
    "text": "info@340Bpriceguide.net",
    "href": "mailto:info@340Bpriceguide.com"
  },
  {
    "text": "TOP",
    "href": "https://www.340bpriceguide.net/contact-us#"
  },
  {
    "text": "www.hrsa.gov/opa",
    "href": "http://www.hrsa.gov/opa"
  }
]