[
  {
    "text": "Home",
    "href": "https://www.340bpriceguide.net/"
  },
  {
    "text": "Search",
    "href": "https://www.340bpriceguide.net/340b-search"
  },
  {
    "text": "Articles",
    "href": "https://www.340bpriceguide.net/articles-news"
  },
  {
    "text": "About",
    "href": "https://www.340bpriceguide.net/about-us"
  },
  {
    "text": "Contact",
    "href": "https://www.340bpriceguide.net/contact-us"
  },
  {
    "text": "Profile",
    "href": "https://www.340bpriceguide.net/my-profile"
  },
  {
    "text": "Logout",
    "href": "https://www.340bpriceguide.net/logout"
  },
  {
    "text": "SecureMsg",
    "href": "https://www.340bpriceguide.net/secure-message"
  },
  {
    "text": "WHAT IS 340B?",
    "href": "https://www.340bpriceguide.net/articles-news/50-what-is-340b"
  },
  {
    "text": "WEEKLY PRODUCT SHORTAGES",
    "href": "https://www.340bpriceguide.net/articles-news/126-weekly-product-shortages"
  },
  {
    "text": "Home",
    "href": "https://www.340bpriceguide.net/index.php"
  },
  {
    "text": "About Us",
    "href": "https://www.340bpriceguide.net/index.php/about-us"
  },
  {
    "text": "Articles & News",
    "href": "https://www.340bpriceguide.net/index.php/articles-news"
  },
  {
    "text": "Contact Us",
    "href": "https://www.340bpriceguide.net/index.php/contact-us"
  },
  {
    "text": "Linkedin",
    "href": "https://www.linkedin.com/in/torey-c-lam-387a162a"
  },
  {
    "text": "info@340Bpriceguide.net",
    "href": "mailto:info@340Bpriceguide.com"
  },
  {
    "text": "TOP",
    "href": "https://www.340bpriceguide.net/#"
  },
  {
    "text": "www.hrsa.gov/opa",
    "href": "http://www.hrsa.gov/opa"
  }
]