[
  {
    "page_title": "Nutri-West(R) Official Site",
    "hyper_text": "Sign In As Provider",
    "link": "https://nutriwest.com/provider-account/signin"
  },
  {
    "page_title": "Nutri-West(R) Official Site",
    "hyper_text": "Create Provider Account",
    "link": "https://nutriwest.com/provider-account"
  },
  {
    "page_title": "Nutri-West(R) Official Site",
    "hyper_text": "Patient Connect",
    "link": "https://nutriwest.com/patient-connect"
  },
  {
    "page_title": "Nutri-West(R) Official Site",
    "hyper_text": "Contact Us",
    "link": "https://nutriwest.com/contact-us"
  },
  {
    "page_title": "Nutri-West(R) Official Site",
    "hyper_text": "Home",
    "link": "https://nutriwest.com/"
  },
  {
    "page_title": "Nutri-West(R) Official Site",
    "hyper_text": "About Nutri-West",
    "link": "https://nutriwest.com/about-nutriwest"
  },
  {
    "page_title": "Nutri-West(R) Official Site",
    "hyper_text": "Products",
    "link": "https://nutriwest.com/products"
  },
  {
    "page_title": "Nutri-West(R) Official Site",
    "hyper_text": "Nutri-West Products",
    "link": "https://nutriwest.com/products"
  },
  {
    "page_title": "Nutri-West(R) Official Site",
    "hyper_text": "Homeopathic Products",
    "link": "https://nutriwest.com/products?category=homeopathic-products"
  },
  {
    "page_title": "Nutri-West(R) Official Site",
    "hyper_text": "Herbal Tincture Products",
    "link": "https://nutriwest.com/products?category=tincture-products"
  },
  {
    "page_title": "Nutri-West(R) Official Site",
    "hyper_text": "Find A Nutri-West Distributor",
    "link": "https://nutriwest.com/distributors"
  },
  {
    "page_title": "Nutri-West(R) Official Site",
    "hyper_text": "Seminars",
    "link": "https://nutriwest.com/seminars"
  },
  {
    "page_title": "Nutri-West(R) Official Site",
    "hyper_text": "Home",
    "link": "https://nutriwest.com"
  },
  {
    "page_title": "Nutri-West(R) Official Site",
    "hyper_text": "About Nutri-West",
    "link": "https://nutriwest.com/about-nutri-west"
  },
  {
    "page_title": "Nutri-West(R) Official Site",
    "hyper_text": "info@nutriwest.com",
    "link": "mailto:info@nutriwest.com"
  },
  {
    "page_title": "Nutri-West(R) Official Site",
    "hyper_text": "info@nutri-west.net",
    "link": "mailto:info@nutri-west.net"
  },
  {
    "page_title": "Nutri-West(R) Official Site",
    "hyper_text": "(800) 443-3333",
    "link": "tel:800-443-3333"
  },
  {
    "page_title": "Nutri-West(R) Official Site",
    "hyper_text": "307-358-5066",
    "link": "tel:307-358-5066"
  },
  {
    "page_title": "Nutri-West(R) Official Site",
    "hyper_text": "bootstrap embed google map",
    "link": "https://www.embedgooglemap.org"
  },
  {
    "page_title": "Nutri-West(R) Official Site",
    "hyper_text": "Why Buy Nutri-West",
    "link": "https://nutriwest.com/page/why-buy-nutri-west"
  },
  {
    "page_title": "Nutri-West(R) Official Site",
    "hyper_text": "Nutritional Supplements and Your Health",
    "link": "https://nutriwest.com/page/nutritional-supplements-and-your-health"
  },
  {
    "page_title": "Nutri-West(R) Official Site",
    "hyper_text": "Nutri-West  Manufacturing",
    "link": "https://nutriwest.com/page/nutri-west-manufacturing"
  },
  {
    "page_title": "Nutri-West(R) Official Site",
    "hyper_text": "Nutri-West Distributor Login",
    "link": "https://nutriwest.com/distributor-login"
  },
  {
    "page_title": "Nutri-West(R) Official Site",
    "hyper_text": "About Our Products",
    "link": "https://nutriwest.com/page/about-our-products"
  },
  {
    "page_title": "Nutri-West(R) Official Site",
    "hyper_text": "Educational Seminars",
    "link": "https://nutriwest.com/page/educational-seminars"
  },
  {
    "page_title": "Nutri-West(R) Official Site",
    "hyper_text": "About Our Services",
    "link": "https://nutriwest.com/page/provider-access"
  },
  {
    "page_title": "Nutri-West(R) Official Site",
    "hyper_text": "Rapid Shipping",
    "link": "https://nutriwest.com/page/rapid-shipping"
  },
  {
    "page_title": "Nutri-West(R) Official Site",
    "hyper_text": "Direct-To-Patient Shipping",
    "link": "https://nutriwest.com/page/provider-access"
  },
  {
    "page_title": "Nutri-West(R) Official Site",
    "hyper_text": "Register For An Account",
    "link": "https://nutriwest.com/provider-account/signin"
  },
  {
    "page_title": "Nutri-West(R) Official Site",
    "hyper_text": "Terms Of Use",
    "link": "https://nutriwest.com/page/terms-of-use"
  },
  {
    "page_title": "Nutri-West(R) Official Site",
    "hyper_text": "Resale Policy",
    "link": "https://nutriwest.com/page/resale-policy"
  },
  {
    "page_title": "Nutri-West(R) Official Site",
    "hyper_text": "Return Policy -Provider",
    "link": "https://nutriwest.com/page/return-policy-provider"
  },
  {
    "page_title": "Nutri-West(R) Official Site",
    "hyper_text": "Return Policy - Patient",
    "link": "https://nutriwest.com/page/return-policy-patient"
  },
  {
    "page_title": "Nutri-West(R) Official Site",
    "hyper_text": "Privacy Policy",
    "link": "https://nutriwest.com/page/privacy-policy"
  },
  {
    "page_title": "Nutri-West(R) Official Site",
    "hyper_text": "Contact Us",
    "link": "https://nutriwest.com/contact-us"
  }
]