[
  {
    "page_title": "Nutri-West(R) Official Site",
    "hyper_text": "Sign In As Provider",
    "link": "https://nutriwest.com/provider-account/signin"
  },
  {
    "page_title": "Nutri-West(R) Official Site",
    "hyper_text": "Create Provider Account",
    "link": "https://nutriwest.com/provider-account"
  },
  {
    "page_title": "Nutri-West(R) Official Site",
    "hyper_text": "Patient Connect",
    "link": "https://nutriwest.com/patient-connect"
  },
  {
    "page_title": "Nutri-West(R) Official Site",
    "hyper_text": "Contact Us",
    "link": "https://nutriwest.com/contact-us"
  },
  {
    "page_title": "Nutri-West(R) Official Site",
    "hyper_text": "Home",
    "link": "https://nutriwest.com/"
  },
  {
    "page_title": "Nutri-West(R) Official Site",
    "hyper_text": "About Nutri-West",
    "link": "https://nutriwest.com/about-nutriwest"
  },
  {
    "page_title": "Nutri-West(R) Official Site",
    "hyper_text": "Products",
    "link": "https://nutriwest.com/products"
  },
  {
    "page_title": "Nutri-West(R) Official Site",
    "hyper_text": "Nutri-West Products",
    "link": "https://nutriwest.com/products"
  },
  {
    "page_title": "Nutri-West(R) Official Site",
    "hyper_text": "Homeopathic Products",
    "link": "https://nutriwest.com/products?category=homeopathic-products"
  },
  {
    "page_title": "Nutri-West(R) Official Site",
    "hyper_text": "Herbal Tincture Products",
    "link": "https://nutriwest.com/products?category=tincture-products"
  },
  {
    "page_title": "Nutri-West(R) Official Site",
    "hyper_text": "Find A Nutri-West Distributor",
    "link": "https://nutriwest.com/distributors"
  },
  {
    "page_title": "Nutri-West(R) Official Site",
    "hyper_text": "Seminars",
    "link": "https://nutriwest.com/seminars"
  },
  {
    "page_title": "Nutri-West(R) Official Site",
    "hyper_text": "Read More",
    "link": "https://nutriwest.com/about-nutriwest"
  },
  {
    "page_title": "Nutri-West(R) Official Site",
    "hyper_text": "View More",
    "link": "https://nutriwest.com/seminars/macomb-county-chiropractic-association-seminar"
  },
  {
    "page_title": "Nutri-West(R) Official Site",
    "hyper_text": "View More",
    "link": "https://nutriwest.com/seminars/webinar-cornerstone-nutrient-support-for-thriving-functional-medicine-and-chiropractic-practice"
  },
  {
    "page_title": "Nutri-West(R) Official Site",
    "hyper_text": "View More",
    "link": "https://nutriwest.com/seminars/2026-nutri-west-annual-symposium"
  },
  {
    "page_title": "Nutri-West(R) Official Site",
    "hyper_text": "View More",
    "link": "https://nutriwest.com/seminars/north-carolina-chiropractic-association-annual-spring-convention"
  },
  {
    "page_title": "Nutri-West(R) Official Site",
    "hyper_text": "View More",
    "link": "https://nutriwest.com/seminars/montana-chiropractic-association-108th-annual-conference-exhibition"
  },
  {
    "page_title": "Nutri-West(R) Official Site",
    "hyper_text": "View More",
    "link": "https://nutriwest.com/seminars/research-meets-chiropractic-application"
  },
  {
    "page_title": "Nutri-West(R) Official Site",
    "hyper_text": "DistributorsView Our Distributors",
    "link": "https://nutriwest.com/distributors"
  },
  {
    "page_title": "Nutri-West(R) Official Site",
    "hyper_text": "SeminarsView Upcoming Seminars",
    "link": "https://nutriwest.com/seminars"
  },
  {
    "page_title": "Nutri-West(R) Official Site",
    "hyper_text": "EmploymentCheck Current Openings",
    "link": "https://nutriwest.com/employment"
  },
  {
    "page_title": "Nutri-West(R) Official Site",
    "hyper_text": "About UsKnow More About Us",
    "link": "https://nutriwest.com/about-nutriwest"
  },
  {
    "page_title": "Nutri-West(R) Official Site",
    "hyper_text": "#1 - AD (Tincture)***1 oz",
    "link": "https://nutriwest.com/products/1-ad-tincture"
  },
  {
    "page_title": "Nutri-West(R) Official Site",
    "hyper_text": "#2 - CF (Tincture)***1 oz",
    "link": "https://nutriwest.com/products/2-cf-tincture"
  },
  {
    "page_title": "Nutri-West(R) Official Site",
    "hyper_text": "#3 GB-LIV (Herbal)***100 tablets per bottle",
    "link": "https://nutriwest.com/products/3-gb-liv-herbal"
  },
  {
    "page_title": "Nutri-West(R) Official Site",
    "hyper_text": "#8 - THY (Tincture)***1 oz",
    "link": "https://nutriwest.com/products/8-thy-tincture"
  },
  {
    "page_title": "Nutri-West(R) Official Site",
    "hyper_text": "#12 UR-KID (Herbal)100 tablets per bottle",
    "link": "https://nutriwest.com/products/12-ur-kid-herbal"
  },
  {
    "page_title": "Nutri-West(R) Official Site",
    "hyper_text": "#14 LB-CLN (Herbal)100 tablets per bottle",
    "link": "https://nutriwest.com/products/14-lb-cln-herbal"
  },
  {
    "page_title": "Nutri-West(R) Official Site",
    "hyper_text": "5-MTH Folate***90 tablets per bottle",
    "link": "https://nutriwest.com/products/5-mth-folate"
  },
  {
    "page_title": "Nutri-West(R) Official Site",
    "hyper_text": "Adenosyl B-12 Lozenge90 lozenge tablets per bottle",
    "link": "https://nutriwest.com/products/adenosyl-b-12-lozenge"
  },
  {
    "page_title": "Nutri-West(R) Official Site",
    "hyper_text": "Adreno Plus (Tincture)***1 oz",
    "link": "https://nutriwest.com/products/adreno-plus-tincture"
  },
  {
    "page_title": "Nutri-West(R) Official Site",
    "hyper_text": "Adreno-Lyph-160 (120)***120 tablets per bottle",
    "link": "https://nutriwest.com/products/adreno-lyph-160-120"
  },
  {
    "page_title": "Nutri-West(R) Official Site",
    "hyper_text": "BROWSE ONLINE CATALOG",
    "link": "https://nutriwest.com/products"
  },
  {
    "page_title": "Nutri-West(R) Official Site",
    "hyper_text": "HOW TO ORDER",
    "link": "javascript:void(0);"
  },
  {
    "page_title": "Nutri-West(R) Official Site",
    "hyper_text": "Provider Account",
    "link": "https://nutriwest.com/provider-account/signin"
  },
  {
    "page_title": "Nutri-West(R) Official Site",
    "hyper_text": "Patient Connect Account",
    "link": "https://nutriwest.com/patient-connect/signin"
  },
  {
    "page_title": "Nutri-West(R) Official Site",
    "hyper_text": "Why Buy Nutri-West",
    "link": "https://nutriwest.com/page/why-buy-nutri-west"
  },
  {
    "page_title": "Nutri-West(R) Official Site",
    "hyper_text": "Nutritional Supplements and Your Health",
    "link": "https://nutriwest.com/page/nutritional-supplements-and-your-health"
  },
  {
    "page_title": "Nutri-West(R) Official Site",
    "hyper_text": "Nutri-West  Manufacturing",
    "link": "https://nutriwest.com/page/nutri-west-manufacturing"
  },
  {
    "page_title": "Nutri-West(R) Official Site",
    "hyper_text": "Nutri-West Distributor Login",
    "link": "https://nutriwest.com/distributor-login"
  },
  {
    "page_title": "Nutri-West(R) Official Site",
    "hyper_text": "About Our Products",
    "link": "https://nutriwest.com/page/about-our-products"
  },
  {
    "page_title": "Nutri-West(R) Official Site",
    "hyper_text": "Educational Seminars",
    "link": "https://nutriwest.com/page/educational-seminars"
  },
  {
    "page_title": "Nutri-West(R) Official Site",
    "hyper_text": "About Our Services",
    "link": "https://nutriwest.com/page/provider-access"
  },
  {
    "page_title": "Nutri-West(R) Official Site",
    "hyper_text": "Rapid Shipping",
    "link": "https://nutriwest.com/page/rapid-shipping"
  },
  {
    "page_title": "Nutri-West(R) Official Site",
    "hyper_text": "Direct-To-Patient Shipping",
    "link": "https://nutriwest.com/page/provider-access"
  },
  {
    "page_title": "Nutri-West(R) Official Site",
    "hyper_text": "Register For An Account",
    "link": "https://nutriwest.com/provider-account/signin"
  },
  {
    "page_title": "Nutri-West(R) Official Site",
    "hyper_text": "Terms Of Use",
    "link": "https://nutriwest.com/page/terms-of-use"
  },
  {
    "page_title": "Nutri-West(R) Official Site",
    "hyper_text": "Resale Policy",
    "link": "https://nutriwest.com/page/resale-policy"
  },
  {
    "page_title": "Nutri-West(R) Official Site",
    "hyper_text": "Return Policy -Provider",
    "link": "https://nutriwest.com/page/return-policy-provider"
  },
  {
    "page_title": "Nutri-West(R) Official Site",
    "hyper_text": "Return Policy - Patient",
    "link": "https://nutriwest.com/page/return-policy-patient"
  },
  {
    "page_title": "Nutri-West(R) Official Site",
    "hyper_text": "Privacy Policy",
    "link": "https://nutriwest.com/page/privacy-policy"
  },
  {
    "page_title": "Nutri-West(R) Official Site",
    "hyper_text": "Contact Us",
    "link": "https://nutriwest.com/contact-us"
  }
]