[
  {
    "text": "Sign In As Provider",
    "href": "https://nutriwest.com/provider-account/signin"
  },
  {
    "text": "Create Provider Account",
    "href": "https://nutriwest.com/provider-account"
  },
  {
    "text": "Patient Connect",
    "href": "https://nutriwest.com/patient-connect"
  },
  {
    "text": "Contact Us",
    "href": "https://nutriwest.com/contact-us"
  },
  {
    "text": "Home",
    "href": "https://nutriwest.com/"
  },
  {
    "text": "About Nutri-West",
    "href": "https://nutriwest.com/about-nutriwest"
  },
  {
    "text": "Products",
    "href": "https://nutriwest.com/products"
  },
  {
    "text": "Find A Nutri-West Distributor",
    "href": "https://nutriwest.com/distributors"
  },
  {
    "text": "Seminars",
    "href": "https://nutriwest.com/seminars"
  }
]