[
  {
    "page_title": "Contact Us | Lacna",
    "hyper_text": "(323) 726-3868",
    "link": "tel:3237263868"
  },
  {
    "page_title": "Contact Us | Lacna",
    "hyper_text": "Español",
    "link": "https://lacountynephrology.com/language/es/contactenos/"
  },
  {
    "page_title": "Contact Us | Lacna",
    "hyper_text": "Patient Portal",
    "link": "https://16656-1.portal.athenahealth.com/"
  },
  {
    "page_title": "Contact Us | Lacna",
    "hyper_text": "About Us",
    "link": "https://lacountynephrology.com/about-us/"
  },
  {
    "page_title": "Contact Us | Lacna",
    "hyper_text": "Physicians & Practitioners",
    "link": "https://lacountynephrology.com/physicians-practitioners/"
  },
  {
    "page_title": "Contact Us | Lacna",
    "hyper_text": "Letter From Our President",
    "link": "https://lacountynephrology.com/letter-from-our-president/"
  },
  {
    "page_title": "Contact Us | Lacna",
    "hyper_text": "What We treat?",
    "link": "https://lacountynephrology.com/what-we-treat/"
  },
  {
    "page_title": "Contact Us | Lacna",
    "hyper_text": "Patient Resources",
    "link": "https://lacountynephrology.com/patient-resources/"
  },
  {
    "page_title": "Contact Us | Lacna",
    "hyper_text": "New Patient Packet",
    "link": "https://lacountynephrology.com/new-patient-packet/"
  },
  {
    "page_title": "Contact Us | Lacna",
    "hyper_text": "Patient Education Center",
    "link": "https://lacountynephrology.com/patient-education-center/"
  },
  {
    "page_title": "Contact Us | Lacna",
    "hyper_text": "Patient Portal / Bill Pay",
    "link": "https://16656-1.portal.athenahealth.com/"
  },
  {
    "page_title": "Contact Us | Lacna",
    "hyper_text": "Request Medical Records",
    "link": "https://lacountynephrology.com/request-medical-records/"
  },
  {
    "page_title": "Contact Us | Lacna",
    "hyper_text": "Education Links",
    "link": "https://lacountynephrology.com/education-links/"
  },
  {
    "page_title": "Contact Us | Lacna",
    "hyper_text": "Glossary of Terms",
    "link": "https://lacountynephrology.com/glossary-of-terms/"
  },
  {
    "page_title": "Contact Us | Lacna",
    "hyper_text": "Referring Physicians",
    "link": "https://lacountynephrology.com/referring-physicians/"
  },
  {
    "page_title": "Contact Us | Lacna",
    "hyper_text": "Referral Form",
    "link": "https://lacountynephrology.com/referral-form/"
  },
  {
    "page_title": "Contact Us | Lacna",
    "hyper_text": "Careers",
    "link": "https://lacountynephrology.com/careers/"
  },
  {
    "page_title": "Contact Us | Lacna",
    "hyper_text": "Contact Us",
    "link": "https://lacountynephrology.com/contact-us/"
  },
  {
    "page_title": "Contact Us | Lacna",
    "hyper_text": "Locations",
    "link": "https://lacountynephrology.com/locations/"
  },
  {
    "page_title": "Contact Us | Lacna",
    "hyper_text": "Home",
    "link": "https://lacountynephrology.com/"
  },
  {
    "page_title": "Contact Us | Lacna",
    "hyper_text": "(323) 726-3868 Option 2",
    "link": "tel:3237263868"
  },
  {
    "page_title": "Contact Us | Lacna",
    "hyper_text": "New Patient Packet",
    "link": "https://lacountynephrology.com/new-patient-packet/"
  },
  {
    "page_title": "Contact Us | Lacna",
    "hyper_text": "LACNA Patient Portal",
    "link": "https://16656-1.portal.athenahealth.com/"
  },
  {
    "page_title": "Contact Us | Lacna",
    "hyper_text": "Patient Portal.",
    "link": "https://16656-1.portal.athenahealth.com/"
  },
  {
    "page_title": "Contact Us | Lacna",
    "hyper_text": "Patient Portal",
    "link": "https://16656-1.portal.athenahealth.com/"
  },
  {
    "page_title": "Contact Us | Lacna",
    "hyper_text": "3114 W. Beverly Blvd, Montebello, California 90640",
    "link": "https://www.google.com/maps?ll=34.023979,-118.13716&z=17&t=m&hl=en-US&gl=US&mapclient=embed&q=3114+W+Beverly+Blvd+Montebello,+CA+90640+USA"
  },
  {
    "page_title": "Contact Us | Lacna",
    "hyper_text": "(323) 726-3868",
    "link": "tel:3237263868"
  },
  {
    "page_title": "Contact Us | Lacna",
    "hyper_text": "embedgooglemap.net",
    "link": "https://www.embedgooglemap.net"
  },
  {
    "page_title": "Contact Us | Lacna",
    "hyper_text": "Patient Privacy",
    "link": "https://lacountynephrology.com/patient-privacy/"
  },
  {
    "page_title": "Contact Us | Lacna",
    "hyper_text": "Patient Portal",
    "link": "https://16656-1.portal.athenahealth.com/"
  },
  {
    "page_title": "Contact Us | Lacna",
    "hyper_text": "Contact Us",
    "link": "https://lacountynephrology.com/contact-us/"
  },
  {
    "page_title": "Contact Us | Lacna",
    "hyper_text": "lacountynephrology.com.",
    "link": "https://lacountynephrology.com/"
  }
]