[
  {
    "page_title": "Education Links | Lacna",
    "hyper_text": "(323) 726-3868",
    "link": "tel:3237263868"
  },
  {
    "page_title": "Education Links | Lacna",
    "hyper_text": "Español",
    "link": "https://lacountynephrology.com/language/es/enlaces-educativos/"
  },
  {
    "page_title": "Education Links | Lacna",
    "hyper_text": "Patient Portal",
    "link": "https://16656-1.portal.athenahealth.com/"
  },
  {
    "page_title": "Education Links | Lacna",
    "hyper_text": "About Us",
    "link": "https://lacountynephrology.com/about-us/"
  },
  {
    "page_title": "Education Links | Lacna",
    "hyper_text": "Physicians & Practitioners",
    "link": "https://lacountynephrology.com/physicians-practitioners/"
  },
  {
    "page_title": "Education Links | Lacna",
    "hyper_text": "Letter From Our President",
    "link": "https://lacountynephrology.com/letter-from-our-president/"
  },
  {
    "page_title": "Education Links | Lacna",
    "hyper_text": "What We treat?",
    "link": "https://lacountynephrology.com/what-we-treat/"
  },
  {
    "page_title": "Education Links | Lacna",
    "hyper_text": "Patient Resources",
    "link": "https://lacountynephrology.com/patient-resources/"
  },
  {
    "page_title": "Education Links | Lacna",
    "hyper_text": "New Patient Packet",
    "link": "https://lacountynephrology.com/new-patient-packet/"
  },
  {
    "page_title": "Education Links | Lacna",
    "hyper_text": "Patient Education Center",
    "link": "https://lacountynephrology.com/patient-education-center/"
  },
  {
    "page_title": "Education Links | Lacna",
    "hyper_text": "Patient Portal / Bill Pay",
    "link": "https://16656-1.portal.athenahealth.com/"
  },
  {
    "page_title": "Education Links | Lacna",
    "hyper_text": "Request Medical Records",
    "link": "https://lacountynephrology.com/request-medical-records/"
  },
  {
    "page_title": "Education Links | Lacna",
    "hyper_text": "Education Links",
    "link": "https://lacountynephrology.com/education-links/"
  },
  {
    "page_title": "Education Links | Lacna",
    "hyper_text": "Glossary of Terms",
    "link": "https://lacountynephrology.com/glossary-of-terms/"
  },
  {
    "page_title": "Education Links | Lacna",
    "hyper_text": "Referring Physicians",
    "link": "https://lacountynephrology.com/referring-physicians/"
  },
  {
    "page_title": "Education Links | Lacna",
    "hyper_text": "Referral Form",
    "link": "https://lacountynephrology.com/referral-form/"
  },
  {
    "page_title": "Education Links | Lacna",
    "hyper_text": "Careers",
    "link": "https://lacountynephrology.com/careers/"
  },
  {
    "page_title": "Education Links | Lacna",
    "hyper_text": "Contact Us",
    "link": "https://lacountynephrology.com/contact-us/"
  },
  {
    "page_title": "Education Links | Lacna",
    "hyper_text": "Locations",
    "link": "https://lacountynephrology.com/locations/"
  },
  {
    "page_title": "Education Links | Lacna",
    "hyper_text": "Home",
    "link": "https://lacountynephrology.com/"
  },
  {
    "page_title": "Education Links | Lacna",
    "hyper_text": "https://www.kidney.org/",
    "link": "https://www.kidney.org/"
  },
  {
    "page_title": "Education Links | Lacna",
    "hyper_text": "https://www.kidney.org/offices/nkf-serving-southern-california-and-nevada",
    "link": "https://www.kidney.org/offices/nkf-serving-southern-california-and-nevada"
  },
  {
    "page_title": "Education Links | Lacna",
    "hyper_text": "https://www.kidney.org/atoz",
    "link": "https://www.kidney.org/atoz"
  },
  {
    "page_title": "Education Links | Lacna",
    "hyper_text": "https://www.kidney.org/atoz/content/about-chronic-kidney-disease",
    "link": "https://www.kidney.org/atoz/content/about-chronic-kidney-disease"
  },
  {
    "page_title": "Education Links | Lacna",
    "hyper_text": "https://www.kidney.org/atoz/atozTopic_Diabetes",
    "link": "https://www.kidney.org/atoz/atozTopic_Diabetes"
  },
  {
    "page_title": "Education Links | Lacna",
    "hyper_text": "https://www.kidney.org/atoz/atozTopic_Dialysis",
    "link": "https://www.kidney.org/atoz/atozTopic_Dialysis"
  },
  {
    "page_title": "Education Links | Lacna",
    "hyper_text": "https://www.kidney.org/nutrition",
    "link": "https://www.kidney.org/nutrition"
  },
  {
    "page_title": "Education Links | Lacna",
    "hyper_text": "Patient Privacy",
    "link": "https://lacountynephrology.com/patient-privacy/"
  },
  {
    "page_title": "Education Links | Lacna",
    "hyper_text": "Patient Portal",
    "link": "https://16656-1.portal.athenahealth.com/"
  },
  {
    "page_title": "Education Links | Lacna",
    "hyper_text": "Contact Us",
    "link": "https://lacountynephrology.com/contact-us/"
  },
  {
    "page_title": "Education Links | Lacna",
    "hyper_text": "lacountynephrology.com.",
    "link": "https://lacountynephrology.com/"
  }
]