[
  {
    "page_title": "Patient Portal",
    "hyper_text": "Log in withAthenahealth",
    "link": "https://16656-1.portal.athenahealth.com/?section=oauth_login_request&identityprovider=patient_identity&uniqueid=aSf+CQrBCKIAIa+xAAAMhQ"
  },
  {
    "page_title": "Patient Portal",
    "hyper_text": "Create an Account",
    "link": "https://16656-1.portal.athenahealth.com/?section=landing&sub=registration_wizard"
  },
  {
    "page_title": "Patient Portal",
    "hyper_text": "Forgot password?",
    "link": "https://16656-1.portal.athenahealth.com/?section=oauth_login_request&identityprovider=patient_identity&uniqueid=aSf+CQrBCKIAIa+xAAAMhQ&forgot=1"
  },
  {
    "page_title": "Patient Portal",
    "hyper_text": "Pay as a guest",
    "link": "https://qp-portal-redirect.cf.px.athena.io/portal-integration"
  },
  {
    "page_title": "Patient Portal",
    "hyper_text": "Website Privacy",
    "link": "https://athenahealth.com/resources/privacy-notice-for-patient-facing-applications"
  },
  {
    "page_title": "Patient Portal",
    "hyper_text": "Accessibility Statement",
    "link": "https://www.athenahealth.com/resources/accessibility"
  },
  {
    "page_title": "Patient Portal",
    "hyper_text": "http://www.adobe.com/products/acrobat/readstep2.html",
    "link": "http://www.adobe.com/products/acrobat/readstep2.html"
  },
  {
    "page_title": "Patient Portal",
    "hyper_text": "Close",
    "link": "https://16656-1.portal.athenahealth.com/"
  },
  {
    "page_title": "Patient Portal",
    "hyper_text": "Get a copy of your paper or electronic medical record",
    "link": "https://16656-1.portal.athenahealth.com/#copy_of_electronic_medical_record"
  },
  {
    "page_title": "Patient Portal",
    "hyper_text": "Correct your paper or electronic medical record",
    "link": "https://16656-1.portal.athenahealth.com/#correct_your_medical_record"
  },
  {
    "page_title": "Patient Portal",
    "hyper_text": "Request confidential communication",
    "link": "https://16656-1.portal.athenahealth.com/#request_confidential_communications"
  },
  {
    "page_title": "Patient Portal",
    "hyper_text": "Ask us to limit the information we share",
    "link": "https://16656-1.portal.athenahealth.com/#ask_us_to_limit"
  },
  {
    "page_title": "Patient Portal",
    "hyper_text": "Get a list of those with whom we've shared your information",
    "link": "https://16656-1.portal.athenahealth.com/#get_a_list"
  },
  {
    "page_title": "Patient Portal",
    "hyper_text": "Get a copy of this privacy notice",
    "link": "https://16656-1.portal.athenahealth.com/#copy_of_privacy_notice"
  },
  {
    "page_title": "Patient Portal",
    "hyper_text": "Choose someone to act for you",
    "link": "https://16656-1.portal.athenahealth.com/#choose_someone"
  },
  {
    "page_title": "Patient Portal",
    "hyper_text": "File a complaint if you believe your privacy rights have been violated",
    "link": "https://16656-1.portal.athenahealth.com/#file_a_complaint"
  },
  {
    "page_title": "Patient Portal",
    "hyper_text": "Tell family and friends about your condition",
    "link": "https://16656-1.portal.athenahealth.com/#your_choices_health_information"
  },
  {
    "page_title": "Patient Portal",
    "hyper_text": "Provide disaster relief",
    "link": "https://16656-1.portal.athenahealth.com/#your_choices_health_information"
  },
  {
    "page_title": "Patient Portal",
    "hyper_text": "Include you in a hospital directory",
    "link": "https://16656-1.portal.athenahealth.com/#your_choices_health_information"
  },
  {
    "page_title": "Patient Portal",
    "hyper_text": "Provide mental health care",
    "link": "https://16656-1.portal.athenahealth.com/#we_never_share_your_information"
  },
  {
    "page_title": "Patient Portal",
    "hyper_text": "Market our services and sell your information",
    "link": "https://16656-1.portal.athenahealth.com/#we_never_share_your_information"
  },
  {
    "page_title": "Patient Portal",
    "hyper_text": "Raise funds",
    "link": "https://16656-1.portal.athenahealth.com/#case_of_fundraising"
  },
  {
    "page_title": "Patient Portal",
    "hyper_text": "Treat you",
    "link": "https://16656-1.portal.athenahealth.com/#treat_you"
  },
  {
    "page_title": "Patient Portal",
    "hyper_text": "Run our organization",
    "link": "https://16656-1.portal.athenahealth.com/#run_our_organization"
  },
  {
    "page_title": "Patient Portal",
    "hyper_text": "Bill for your services",
    "link": "https://16656-1.portal.athenahealth.com/#bill_for_your_services"
  },
  {
    "page_title": "Patient Portal",
    "hyper_text": "Help with public health and safety issues",
    "link": "https://16656-1.portal.athenahealth.com/#help_with_public_health"
  },
  {
    "page_title": "Patient Portal",
    "hyper_text": "Do research",
    "link": "https://16656-1.portal.athenahealth.com/#do_research"
  },
  {
    "page_title": "Patient Portal",
    "hyper_text": "Comply with the law",
    "link": "https://16656-1.portal.athenahealth.com/#comply_with_the_law"
  },
  {
    "page_title": "Patient Portal",
    "hyper_text": "Respond to organ and tissue donation requests",
    "link": "https://16656-1.portal.athenahealth.com/#respond_to_organ_donation"
  },
  {
    "page_title": "Patient Portal",
    "hyper_text": "Work with a medical examiner or funeral director",
    "link": "https://16656-1.portal.athenahealth.com/#work_with_a_medical_examiner"
  },
  {
    "page_title": "Patient Portal",
    "hyper_text": "Address workers' compensation, law enforcement, and other government requests",
    "link": "https://16656-1.portal.athenahealth.com/#address_workers_compensation"
  },
  {
    "page_title": "Patient Portal",
    "hyper_text": "Respond to lawsuits and legal actions",
    "link": "https://16656-1.portal.athenahealth.com/#respond_to_lawsuits"
  },
  {
    "page_title": "Patient Portal",
    "hyper_text": "www.hhs.gov/ocr/privacy/hipaa/complaints/",
    "link": "http://www.hhs.gov/ocr/privacy/hipaa/complaints/"
  },
  {
    "page_title": "Patient Portal",
    "hyper_text": "www.hhs.gov/ocr/privacy/hipaa/understanding/consumers/index.html",
    "link": "http://www.hhs.gov/ocr/privacy/hipaa/understanding/consumers/index.html"
  },
  {
    "page_title": "Patient Portal",
    "hyper_text": "www.hhs.gov/ocr/privacy/hipaa/understanding/consumers/noticepp.html",
    "link": "http://www.hhs.gov/ocr/privacy/hipaa/understanding/consumers/noticepp.html"
  },
  {
    "page_title": "Patient Portal",
    "hyper_text": "Close",
    "link": "https://16656-1.portal.athenahealth.com/"
  },
  {
    "page_title": "Patient Portal",
    "hyper_text": "upgrade your browser",
    "link": "http://www.microsoft.com/en-in/download/internet-explorer-8-details.aspx"
  },
  {
    "page_title": "Patient Portal",
    "hyper_text": "What is the Patient Portal?",
    "link": "https://16656-1.portal.athenahealth.com/#qgeneral_0"
  },
  {
    "page_title": "Patient Portal",
    "hyper_text": "Who can use the Patient Portal?",
    "link": "https://16656-1.portal.athenahealth.com/#qgeneral_1"
  },
  {
    "page_title": "Patient Portal",
    "hyper_text": "How secure is the Patient Portal?",
    "link": "https://16656-1.portal.athenahealth.com/#qsecurity_0"
  },
  {
    "page_title": "Patient Portal",
    "hyper_text": "What if my password is stolen?",
    "link": "https://16656-1.portal.athenahealth.com/#qsecurity_1"
  },
  {
    "page_title": "Patient Portal",
    "hyper_text": "What if I forget my password?",
    "link": "https://16656-1.portal.athenahealth.com/#qsecurity_2"
  },
  {
    "page_title": "Patient Portal",
    "hyper_text": "What if I'm unable to access the Patient Portal?",
    "link": "https://16656-1.portal.athenahealth.com/#qsecurity_3"
  },
  {
    "page_title": "Patient Portal",
    "hyper_text": "How do I sign out?",
    "link": "https://16656-1.portal.athenahealth.com/#qsecurity_4"
  },
  {
    "page_title": "Patient Portal",
    "hyper_text": "What do I need to access the Patient Portal?",
    "link": "https://16656-1.portal.athenahealth.com/#signup"
  },
  {
    "page_title": "Patient Portal",
    "hyper_text": "How do I register for the Patient Portal?",
    "link": "https://16656-1.portal.athenahealth.com/#qsignup_1"
  },
  {
    "page_title": "Patient Portal",
    "hyper_text": "How do I sign in to the Patient Portal?",
    "link": "https://16656-1.portal.athenahealth.com/#qsignup_2"
  },
  {
    "page_title": "Patient Portal",
    "hyper_text": "How do I edit my profile information?",
    "link": "https://16656-1.portal.athenahealth.com/#qmyprofile_0"
  },
  {
    "page_title": "Patient Portal",
    "hyper_text": "How do I edit how my contact preferences for different types of notifications?",
    "link": "https://16656-1.portal.athenahealth.com/#qmyprofile_1"
  },
  {
    "page_title": "Patient Portal",
    "hyper_text": "How do I view my insurance information?",
    "link": "https://16656-1.portal.athenahealth.com/#qmyprofile_2"
  },
  {
    "page_title": "Patient Portal",
    "hyper_text": "How do I reschedule an appointment?",
    "link": "https://16656-1.portal.athenahealth.com/#qappointments_1"
  },
  {
    "page_title": "Patient Portal",
    "hyper_text": "How do I request an appointment?",
    "link": "https://16656-1.portal.athenahealth.com/#qappointments_2"
  },
  {
    "page_title": "Patient Portal",
    "hyper_text": "How do I view upcoming appointments?",
    "link": "https://16656-1.portal.athenahealth.com/#qappointments_3"
  },
  {
    "page_title": "Patient Portal",
    "hyper_text": "Where can I fill out medical forms before my appointment?",
    "link": "https://16656-1.portal.athenahealth.com/#qappointments_5"
  },
  {
    "page_title": "Patient Portal",
    "hyper_text": "Why doesn't anything happen when I click on a medical form?",
    "link": "https://16656-1.portal.athenahealth.com/#qappointments_6"
  },
  {
    "page_title": "Patient Portal",
    "hyper_text": "How do I view past appointments?",
    "link": "https://16656-1.portal.athenahealth.com/#qappointments_7"
  },
  {
    "page_title": "Patient Portal",
    "hyper_text": "How do I ask my provider a question?",
    "link": "https://16656-1.portal.athenahealth.com/#qmessages_0"
  },
  {
    "page_title": "Patient Portal",
    "hyper_text": "How soon can I expect a response from my provider?",
    "link": "https://16656-1.portal.athenahealth.com/#qmessages_1"
  },
  {
    "page_title": "Patient Portal",
    "hyper_text": "How do I view messages and/or responses from my provider?",
    "link": "https://16656-1.portal.athenahealth.com/#qmessages_2"
  },
  {
    "page_title": "Patient Portal",
    "hyper_text": "Why can't I delete my sent and archived messages?",
    "link": "https://16656-1.portal.athenahealth.com/#qmessages_3"
  },
  {
    "page_title": "Patient Portal",
    "hyper_text": "How do I view my account balance?",
    "link": "https://16656-1.portal.athenahealth.com/#qbilling_0"
  },
  {
    "page_title": "Patient Portal",
    "hyper_text": "How do I ask a question about my account balance?",
    "link": "https://16656-1.portal.athenahealth.com/#qbilling_1"
  },
  {
    "page_title": "Patient Portal",
    "hyper_text": "How do I make a payment?",
    "link": "https://16656-1.portal.athenahealth.com/#qbilling_2"
  },
  {
    "page_title": "Patient Portal",
    "hyper_text": "How do I view my payment history?",
    "link": "https://16656-1.portal.athenahealth.com/#qbilling_3"
  },
  {
    "page_title": "Patient Portal",
    "hyper_text": "How do I view my account statements?",
    "link": "https://16656-1.portal.athenahealth.com/#qbilling_4"
  },
  {
    "page_title": "Patient Portal",
    "hyper_text": "How do I manage my saved credit and debit cards?",
    "link": "https://16656-1.portal.athenahealth.com/#qbilling_5"
  },
  {
    "page_title": "Patient Portal",
    "hyper_text": "Why doesn't anything happen when I click \"View Detail\" or \"View Receipt?\"",
    "link": "https://16656-1.portal.athenahealth.com/#qbilling_6"
  },
  {
    "page_title": "Patient Portal",
    "hyper_text": "Why can't I view my test results?",
    "link": "https://16656-1.portal.athenahealth.com/#qmyhealth_0"
  },
  {
    "page_title": "Patient Portal",
    "hyper_text": "How do I request a prescription?",
    "link": "https://16656-1.portal.athenahealth.com/#qmyhealth_1"
  },
  {
    "page_title": "Patient Portal",
    "hyper_text": "top",
    "link": "https://16656-1.portal.athenahealth.com/#faq_top"
  },
  {
    "page_title": "Patient Portal",
    "hyper_text": "top",
    "link": "https://16656-1.portal.athenahealth.com/#faq_top"
  },
  {
    "page_title": "Patient Portal",
    "hyper_text": "top",
    "link": "https://16656-1.portal.athenahealth.com/#faq_top"
  },
  {
    "page_title": "Patient Portal",
    "hyper_text": "top",
    "link": "https://16656-1.portal.athenahealth.com/#faq_top"
  },
  {
    "page_title": "Patient Portal",
    "hyper_text": "top",
    "link": "https://16656-1.portal.athenahealth.com/#faq_top"
  },
  {
    "page_title": "Patient Portal",
    "hyper_text": "top",
    "link": "https://16656-1.portal.athenahealth.com/#faq_top"
  },
  {
    "page_title": "Patient Portal",
    "hyper_text": "top",
    "link": "https://16656-1.portal.athenahealth.com/#faq_top"
  },
  {
    "page_title": "Patient Portal",
    "hyper_text": "top",
    "link": "https://16656-1.portal.athenahealth.com/#faq_top"
  },
  {
    "page_title": "Patient Portal",
    "hyper_text": "top",
    "link": "https://16656-1.portal.athenahealth.com/#faq_top"
  },
  {
    "page_title": "Patient Portal",
    "hyper_text": "top",
    "link": "https://16656-1.portal.athenahealth.com/#faq_top"
  },
  {
    "page_title": "Patient Portal",
    "hyper_text": "top",
    "link": "https://16656-1.portal.athenahealth.com/#faq_top"
  },
  {
    "page_title": "Patient Portal",
    "hyper_text": "top",
    "link": "https://16656-1.portal.athenahealth.com/#faq_top"
  },
  {
    "page_title": "Patient Portal",
    "hyper_text": "top",
    "link": "https://16656-1.portal.athenahealth.com/#faq_top"
  },
  {
    "page_title": "Patient Portal",
    "hyper_text": "top",
    "link": "https://16656-1.portal.athenahealth.com/#faq_top"
  },
  {
    "page_title": "Patient Portal",
    "hyper_text": "top",
    "link": "https://16656-1.portal.athenahealth.com/#faq_top"
  },
  {
    "page_title": "Patient Portal",
    "hyper_text": "top",
    "link": "https://16656-1.portal.athenahealth.com/#faq_top"
  },
  {
    "page_title": "Patient Portal",
    "hyper_text": "top",
    "link": "https://16656-1.portal.athenahealth.com/#faq_top"
  },
  {
    "page_title": "Patient Portal",
    "hyper_text": "top",
    "link": "https://16656-1.portal.athenahealth.com/#faq_top"
  },
  {
    "page_title": "Patient Portal",
    "hyper_text": "top",
    "link": "https://16656-1.portal.athenahealth.com/#faq_top"
  },
  {
    "page_title": "Patient Portal",
    "hyper_text": "top",
    "link": "https://16656-1.portal.athenahealth.com/#faq_top"
  },
  {
    "page_title": "Patient Portal",
    "hyper_text": "top",
    "link": "https://16656-1.portal.athenahealth.com/#faq_top"
  },
  {
    "page_title": "Patient Portal",
    "hyper_text": "top",
    "link": "https://16656-1.portal.athenahealth.com/#faq_top"
  },
  {
    "page_title": "Patient Portal",
    "hyper_text": "top",
    "link": "https://16656-1.portal.athenahealth.com/#faq_top"
  },
  {
    "page_title": "Patient Portal",
    "hyper_text": "top",
    "link": "https://16656-1.portal.athenahealth.com/#faq_top"
  },
  {
    "page_title": "Patient Portal",
    "hyper_text": "top",
    "link": "https://16656-1.portal.athenahealth.com/#faq_top"
  },
  {
    "page_title": "Patient Portal",
    "hyper_text": "top",
    "link": "https://16656-1.portal.athenahealth.com/#faq_top"
  },
  {
    "page_title": "Patient Portal",
    "hyper_text": "top",
    "link": "https://16656-1.portal.athenahealth.com/#faq_top"
  },
  {
    "page_title": "Patient Portal",
    "hyper_text": "top",
    "link": "https://16656-1.portal.athenahealth.com/#faq_top"
  },
  {
    "page_title": "Patient Portal",
    "hyper_text": "top",
    "link": "https://16656-1.portal.athenahealth.com/#faq_top"
  },
  {
    "page_title": "Patient Portal",
    "hyper_text": "top",
    "link": "https://16656-1.portal.athenahealth.com/#faq_top"
  },
  {
    "page_title": "Patient Portal",
    "hyper_text": "top",
    "link": "https://16656-1.portal.athenahealth.com/#faq_top"
  },
  {
    "page_title": "Patient Portal",
    "hyper_text": "top",
    "link": "https://16656-1.portal.athenahealth.com/#faq_top"
  },
  {
    "page_title": "Patient Portal",
    "hyper_text": "top",
    "link": "https://16656-1.portal.athenahealth.com/#faq_top"
  },
  {
    "page_title": "Patient Portal",
    "hyper_text": "Continue",
    "link": "https://16656-1.portal.athenahealth.com/"
  },
  {
    "page_title": "Patient Portal",
    "hyper_text": "Go Home",
    "link": "https://16656-1.portal.athenahealth.com/"
  },
  {
    "page_title": "Patient Portal",
    "hyper_text": "click here to re-register",
    "link": "https://16656-1.portal.athenahealth.com/?section=landing&sub=enroll"
  },
  {
    "page_title": "Patient Portal",
    "hyper_text": "HERE",
    "link": "https://16656-1.portal.athenahealth.com/"
  },
  {
    "page_title": "Patient Portal",
    "hyper_text": "HERE",
    "link": "https://16656-1.portal.athenahealth.com/"
  }
]