[
  {
    "page_title": "Physicians & Practitioners | Lacna",
    "hyper_text": "(323) 726-3868",
    "link": "tel:3237263868"
  },
  {
    "page_title": "Physicians & Practitioners | Lacna",
    "hyper_text": "Español",
    "link": "https://lacountynephrology.com/language/es/medicos-y-practicantes/"
  },
  {
    "page_title": "Physicians & Practitioners | Lacna",
    "hyper_text": "Patient Portal",
    "link": "https://16656-1.portal.athenahealth.com/"
  },
  {
    "page_title": "Physicians & Practitioners | Lacna",
    "hyper_text": "About Us",
    "link": "https://lacountynephrology.com/about-us/"
  },
  {
    "page_title": "Physicians & Practitioners | Lacna",
    "hyper_text": "Physicians & Practitioners",
    "link": "https://lacountynephrology.com/physicians-practitioners/"
  },
  {
    "page_title": "Physicians & Practitioners | Lacna",
    "hyper_text": "Letter From Our President",
    "link": "https://lacountynephrology.com/letter-from-our-president/"
  },
  {
    "page_title": "Physicians & Practitioners | Lacna",
    "hyper_text": "What We treat?",
    "link": "https://lacountynephrology.com/what-we-treat/"
  },
  {
    "page_title": "Physicians & Practitioners | Lacna",
    "hyper_text": "Patient Resources",
    "link": "https://lacountynephrology.com/patient-resources/"
  },
  {
    "page_title": "Physicians & Practitioners | Lacna",
    "hyper_text": "New Patient Packet",
    "link": "https://lacountynephrology.com/new-patient-packet/"
  },
  {
    "page_title": "Physicians & Practitioners | Lacna",
    "hyper_text": "Patient Education Center",
    "link": "https://lacountynephrology.com/patient-education-center/"
  },
  {
    "page_title": "Physicians & Practitioners | Lacna",
    "hyper_text": "Patient Portal / Bill Pay",
    "link": "https://16656-1.portal.athenahealth.com/"
  },
  {
    "page_title": "Physicians & Practitioners | Lacna",
    "hyper_text": "Request Medical Records",
    "link": "https://lacountynephrology.com/request-medical-records/"
  },
  {
    "page_title": "Physicians & Practitioners | Lacna",
    "hyper_text": "Education Links",
    "link": "https://lacountynephrology.com/education-links/"
  },
  {
    "page_title": "Physicians & Practitioners | Lacna",
    "hyper_text": "Glossary of Terms",
    "link": "https://lacountynephrology.com/glossary-of-terms/"
  },
  {
    "page_title": "Physicians & Practitioners | Lacna",
    "hyper_text": "Referring Physicians",
    "link": "https://lacountynephrology.com/referring-physicians/"
  },
  {
    "page_title": "Physicians & Practitioners | Lacna",
    "hyper_text": "Referral Form",
    "link": "https://lacountynephrology.com/referral-form/"
  },
  {
    "page_title": "Physicians & Practitioners | Lacna",
    "hyper_text": "Careers",
    "link": "https://lacountynephrology.com/careers/"
  },
  {
    "page_title": "Physicians & Practitioners | Lacna",
    "hyper_text": "Contact Us",
    "link": "https://lacountynephrology.com/contact-us/"
  },
  {
    "page_title": "Physicians & Practitioners | Lacna",
    "hyper_text": "Locations",
    "link": "https://lacountynephrology.com/locations/"
  },
  {
    "page_title": "Physicians & Practitioners | Lacna",
    "hyper_text": "Home",
    "link": "https://lacountynephrology.com/"
  },
  {
    "page_title": "Physicians & Practitioners | Lacna",
    "hyper_text": "Lathika Raakesh, M.D.",
    "link": "https://lacountynephrology.com/physician_portal/dr-lathika-raakesh/"
  },
  {
    "page_title": "Physicians & Practitioners | Lacna",
    "hyper_text": "Kay Kyaw, M.D.",
    "link": "https://lacountynephrology.com/physician_portal/dr-kay-kyaw/"
  },
  {
    "page_title": "Physicians & Practitioners | Lacna",
    "hyper_text": "Carlos R. Gonzalez, M.D.",
    "link": "https://lacountynephrology.com/physician_portal/dr-carlos-gonzalez/"
  },
  {
    "page_title": "Physicians & Practitioners | Lacna",
    "hyper_text": "Maybel M. Tan, M.D.",
    "link": "https://lacountynephrology.com/physician_portal/dr-maybel-tan/"
  },
  {
    "page_title": "Physicians & Practitioners | Lacna",
    "hyper_text": "Shamik Bhadra, M.D.",
    "link": "https://lacountynephrology.com/physician_portal/dr-shamik-bhadra/"
  },
  {
    "page_title": "Physicians & Practitioners | Lacna",
    "hyper_text": "Pradip Chowdhury, M.D.",
    "link": "https://lacountynephrology.com/physician_portal/dr-pradip-chowdhury/"
  },
  {
    "page_title": "Physicians & Practitioners | Lacna",
    "hyper_text": "Elisa  Park, D.O.",
    "link": "https://lacountynephrology.com/physician_portal/dr-elisa-park/"
  },
  {
    "page_title": "Physicians & Practitioners | Lacna",
    "hyper_text": "Danila  Portillo, NP",
    "link": "https://lacountynephrology.com/physician_portal/danila-portillo-np/"
  },
  {
    "page_title": "Physicians & Practitioners | Lacna",
    "hyper_text": "Edgar  Burquez, PA",
    "link": "https://lacountynephrology.com/physician_portal/edgar-burquez-pa/"
  },
  {
    "page_title": "Physicians & Practitioners | Lacna",
    "hyper_text": "Veronica   Viramontes, PA",
    "link": "https://lacountynephrology.com/physician_portal/veronica-viramontes-pa/"
  },
  {
    "page_title": "Physicians & Practitioners | Lacna",
    "hyper_text": "Patient Privacy",
    "link": "https://lacountynephrology.com/patient-privacy/"
  },
  {
    "page_title": "Physicians & Practitioners | Lacna",
    "hyper_text": "Patient Portal",
    "link": "https://16656-1.portal.athenahealth.com/"
  },
  {
    "page_title": "Physicians & Practitioners | Lacna",
    "hyper_text": "Contact Us",
    "link": "https://lacountynephrology.com/contact-us/"
  },
  {
    "page_title": "Physicians & Practitioners | Lacna",
    "hyper_text": "lacountynephrology.com.",
    "link": "https://lacountynephrology.com/"
  }
]