[
  {
    "page_title": "Referring Physicians | Lacna",
    "hyper_text": "(323) 726-3868",
    "link": "tel:3237263868"
  },
  {
    "page_title": "Referring Physicians | Lacna",
    "hyper_text": "Español",
    "link": "https://lacountynephrology.com/language/es/los-medicos-de-referencia/"
  },
  {
    "page_title": "Referring Physicians | Lacna",
    "hyper_text": "Patient Portal",
    "link": "https://16656-1.portal.athenahealth.com/"
  },
  {
    "page_title": "Referring Physicians | Lacna",
    "hyper_text": "About Us",
    "link": "https://lacountynephrology.com/about-us/"
  },
  {
    "page_title": "Referring Physicians | Lacna",
    "hyper_text": "Physicians & Practitioners",
    "link": "https://lacountynephrology.com/physicians-practitioners/"
  },
  {
    "page_title": "Referring Physicians | Lacna",
    "hyper_text": "Letter From Our President",
    "link": "https://lacountynephrology.com/letter-from-our-president/"
  },
  {
    "page_title": "Referring Physicians | Lacna",
    "hyper_text": "What We treat?",
    "link": "https://lacountynephrology.com/what-we-treat/"
  },
  {
    "page_title": "Referring Physicians | Lacna",
    "hyper_text": "Patient Resources",
    "link": "https://lacountynephrology.com/patient-resources/"
  },
  {
    "page_title": "Referring Physicians | Lacna",
    "hyper_text": "New Patient Packet",
    "link": "https://lacountynephrology.com/new-patient-packet/"
  },
  {
    "page_title": "Referring Physicians | Lacna",
    "hyper_text": "Patient Education Center",
    "link": "https://lacountynephrology.com/patient-education-center/"
  },
  {
    "page_title": "Referring Physicians | Lacna",
    "hyper_text": "Patient Portal / Bill Pay",
    "link": "https://16656-1.portal.athenahealth.com/"
  },
  {
    "page_title": "Referring Physicians | Lacna",
    "hyper_text": "Request Medical Records",
    "link": "https://lacountynephrology.com/request-medical-records/"
  },
  {
    "page_title": "Referring Physicians | Lacna",
    "hyper_text": "Education Links",
    "link": "https://lacountynephrology.com/education-links/"
  },
  {
    "page_title": "Referring Physicians | Lacna",
    "hyper_text": "Glossary of Terms",
    "link": "https://lacountynephrology.com/glossary-of-terms/"
  },
  {
    "page_title": "Referring Physicians | Lacna",
    "hyper_text": "Referring Physicians",
    "link": "https://lacountynephrology.com/referring-physicians/"
  },
  {
    "page_title": "Referring Physicians | Lacna",
    "hyper_text": "Referral Form",
    "link": "https://lacountynephrology.com/referral-form/"
  },
  {
    "page_title": "Referring Physicians | Lacna",
    "hyper_text": "Careers",
    "link": "https://lacountynephrology.com/careers/"
  },
  {
    "page_title": "Referring Physicians | Lacna",
    "hyper_text": "Contact Us",
    "link": "https://lacountynephrology.com/contact-us/"
  },
  {
    "page_title": "Referring Physicians | Lacna",
    "hyper_text": "Locations",
    "link": "https://lacountynephrology.com/locations/"
  },
  {
    "page_title": "Referring Physicians | Lacna",
    "hyper_text": "Home",
    "link": "https://lacountynephrology.com/"
  },
  {
    "page_title": "Referring Physicians | Lacna",
    "hyper_text": "Referral Form.",
    "link": "https://lacountynephrology.com/referral-form"
  },
  {
    "page_title": "Referring Physicians | Lacna",
    "hyper_text": "Medical Records Request Form.",
    "link": "https://lacountynephrology.com/request-medical-records/"
  },
  {
    "page_title": "Referring Physicians | Lacna",
    "hyper_text": "Patient Education Center",
    "link": "https://lacountynephrology.com/patient-education-center/"
  },
  {
    "page_title": "Referring Physicians | Lacna",
    "hyper_text": "Acute Kidney Injury: A Guide to Diagnosis and Management",
    "link": "http://www.aafp.org/afp/2012/1001/p631.html"
  },
  {
    "page_title": "Referring Physicians | Lacna",
    "hyper_text": "Chronic kidney disease (CKD) screening",
    "link": "https://www.uspreventiveservicestaskforce.org/Page/Document/RecommendationStatementFinal/chronic-kidney-disease-ckd-screening"
  },
  {
    "page_title": "Referring Physicians | Lacna",
    "hyper_text": "CKD screening and gout",
    "link": "https://www.youtube.com/watch?v=tofnlherfNk"
  },
  {
    "page_title": "Referring Physicians | Lacna",
    "hyper_text": "Screening, monitoring, and treatment of stages 1-3 CKD",
    "link": "http://annals.org/aim/article/1757302/screening-monitoring-treatment-stage-1-3-chronic-kidney-disease-clinical"
  },
  {
    "page_title": "Referring Physicians | Lacna",
    "hyper_text": "Potassium homeostasis and hyperkalemia in CKD",
    "link": "https://www.kidney.org/sites/default/files/02-10-6785_HBE_Hyperkalemia_Bulletin.pdf"
  },
  {
    "page_title": "Referring Physicians | Lacna",
    "hyper_text": "FAQs about glomerular filtration rate (GFR) estimates in the evaluation of kidney function",
    "link": "https://www.kidney.org/sites/default/files/12-10-4004_FAQ-ABE.pdf"
  },
  {
    "page_title": "Referring Physicians | Lacna",
    "hyper_text": "Educating dialysis patients about phosphorous",
    "link": "https://www.kidney.org/sites/default/files/01-10-7073_FBF_Phosphorus_Card2.pdf"
  },
  {
    "page_title": "Referring Physicians | Lacna",
    "hyper_text": "Biosimilar drugs and nephrology",
    "link": "https://www.kidney.org/sites/default/files/02-10-6762_HBE_Biosimilars_Booklet_v2.pdf"
  },
  {
    "page_title": "Referring Physicians | Lacna",
    "hyper_text": "Stages of kidney disease chart",
    "link": "https://www.kidney.org/sites/default/files/01-10-7278_HBG_CKD_Stages_Flyer3.pdf"
  },
  {
    "page_title": "Referring Physicians | Lacna",
    "hyper_text": "Nephrotic syndrome fact sheet",
    "link": "https://www.kidney.org/sites/default/files/01-10-7269_GBG_Nephrotic_Pad3P(1).pdf"
  },
  {
    "page_title": "Referring Physicians | Lacna",
    "hyper_text": "Phosphorous and your kidney diet",
    "link": "https://www.kidney.org/sites/default/files/01-10-7072_FBF_Phosphorus_Pad_P16.pdf"
  },
  {
    "page_title": "Referring Physicians | Lacna",
    "hyper_text": "Patient Privacy",
    "link": "https://lacountynephrology.com/patient-privacy/"
  },
  {
    "page_title": "Referring Physicians | Lacna",
    "hyper_text": "Patient Portal",
    "link": "https://16656-1.portal.athenahealth.com/"
  },
  {
    "page_title": "Referring Physicians | Lacna",
    "hyper_text": "Contact Us",
    "link": "https://lacountynephrology.com/contact-us/"
  },
  {
    "page_title": "Referring Physicians | Lacna",
    "hyper_text": "lacountynephrology.com.",
    "link": "https://lacountynephrology.com/"
  }
]