[
  {
    "text": "About Us",
    "href": "https://lacountynephrology.com/about-us/"
  },
  {
    "text": "What We treat?",
    "href": "https://lacountynephrology.com/what-we-treat/"
  },
  {
    "text": "Patient Resources",
    "href": "https://lacountynephrology.com/patient-resources/"
  },
  {
    "text": "Referring Physicians",
    "href": "https://lacountynephrology.com/referring-physicians/"
  },
  {
    "text": "Careers",
    "href": "https://lacountynephrology.com/careers/"
  },
  {
    "text": "Contact Us",
    "href": "https://lacountynephrology.com/contact-us/"
  },
  {
    "text": "Physicians & Practitioners",
    "href": "https://lacountynephrology.com/physicians-practitioners/"
  },
  {
    "text": "Letter From Our President",
    "href": "https://lacountynephrology.com/letter-from-our-president/"
  },
  {
    "text": "New Patient Packet",
    "href": "https://lacountynephrology.com/new-patient-packet/"
  },
  {
    "text": "Patient Education Center",
    "href": "https://lacountynephrology.com/patient-education-center/"
  },
  {
    "text": "Patient Portal / Bill Pay",
    "href": "https://16656-1.portal.athenahealth.com/"
  },
  {
    "text": "Request Medical Records",
    "href": "https://lacountynephrology.com/request-medical-records/"
  },
  {
    "text": "Education Links",
    "href": "https://lacountynephrology.com/education-links/"
  },
  {
    "text": "Glossary of Terms",
    "href": "https://lacountynephrology.com/glossary-of-terms/"
  },
  {
    "text": "Referral Form",
    "href": "https://lacountynephrology.com/referral-form/"
  },
  {
    "text": "Locations",
    "href": "https://lacountynephrology.com/locations/"
  }
]