[
  {
    "page_title": "Articles and News - 340B Price Guide",
    "hyper_text": "Home",
    "link": "https://www.340bpriceguide.net/"
  },
  {
    "page_title": "Articles and News - 340B Price Guide",
    "hyper_text": "Search",
    "link": "https://www.340bpriceguide.net/340b-search"
  },
  {
    "page_title": "Articles and News - 340B Price Guide",
    "hyper_text": "Articles",
    "link": "https://www.340bpriceguide.net/articles-news"
  },
  {
    "page_title": "Articles and News - 340B Price Guide",
    "hyper_text": "About",
    "link": "https://www.340bpriceguide.net/about-us"
  },
  {
    "page_title": "Articles and News - 340B Price Guide",
    "hyper_text": "Contact",
    "link": "https://www.340bpriceguide.net/contact-us"
  },
  {
    "page_title": "Articles and News - 340B Price Guide",
    "hyper_text": "Forgot your password?",
    "link": "https://www.340bpriceguide.net/client-login?view=reset"
  },
  {
    "page_title": "Articles and News - 340B Price Guide",
    "hyper_text": "Forgot your username?",
    "link": "https://www.340bpriceguide.net/client-login?view=remind"
  },
  {
    "page_title": "Articles and News - 340B Price Guide",
    "hyper_text": "Create an account",
    "link": "https://www.340bpriceguide.net/client-login?view=registration"
  },
  {
    "page_title": "Articles and News - 340B Price Guide",
    "hyper_text": "Weekly Product Shortages",
    "link": "https://www.340bpriceguide.net/articles-news/126-weekly-product-shortages"
  },
  {
    "page_title": "Articles and News - 340B Price Guide",
    "hyper_text": "Print",
    "link": "https://www.340bpriceguide.net/articles-news/126-weekly-product-shortages?tmpl=component&print=1&layout=default"
  },
  {
    "page_title": "Articles and News - 340B Price Guide",
    "hyper_text": "Email",
    "link": "https://www.340bpriceguide.net/component/mailto/?tmpl=component&template=rt_chapelco_child&link=48f36ca13f26e4d5730c8eb5ff22f26733881327"
  },
  {
    "page_title": "Articles and News - 340B Price Guide",
    "hyper_text": "Read more ...",
    "link": "https://www.340bpriceguide.net/articles-news/126-weekly-product-shortages"
  },
  {
    "page_title": "Articles and News - 340B Price Guide",
    "hyper_text": "Manufacturer 340B Restrictions for Oregon",
    "link": "https://www.340bpriceguide.net/articles-news/144-status-of-manufacturer-340b-restrictions-for-oregon"
  },
  {
    "page_title": "Articles and News - 340B Price Guide",
    "hyper_text": "Print",
    "link": "https://www.340bpriceguide.net/articles-news/144-status-of-manufacturer-340b-restrictions-for-oregon?tmpl=component&print=1&layout=default"
  },
  {
    "page_title": "Articles and News - 340B Price Guide",
    "hyper_text": "Email",
    "link": "https://www.340bpriceguide.net/component/mailto/?tmpl=component&template=rt_chapelco_child&link=b6e19967b78cdac7c6c13cbbfc280d6e2dbb5cc9"
  },
  {
    "page_title": "Articles and News - 340B Price Guide",
    "hyper_text": "Read more ...",
    "link": "https://www.340bpriceguide.net/articles-news/144-status-of-manufacturer-340b-restrictions-for-oregon"
  },
  {
    "page_title": "Articles and News - 340B Price Guide",
    "hyper_text": "Novo Nordisk Changes Patient Assistance Program (PAP) 2026",
    "link": "https://www.340bpriceguide.net/articles-news/143-changes-to-novo-nordisk-patient-assistance-program-pap-2026"
  },
  {
    "page_title": "Articles and News - 340B Price Guide",
    "hyper_text": "Print",
    "link": "https://www.340bpriceguide.net/articles-news/143-changes-to-novo-nordisk-patient-assistance-program-pap-2026?tmpl=component&print=1&layout=default"
  },
  {
    "page_title": "Articles and News - 340B Price Guide",
    "hyper_text": "Email",
    "link": "https://www.340bpriceguide.net/component/mailto/?tmpl=component&template=rt_chapelco_child&link=7519cc1dcaee0c8a80b4e0ec10cc94c9d82ee5cb"
  },
  {
    "page_title": "Articles and News - 340B Price Guide",
    "hyper_text": "Read more ...",
    "link": "https://www.340bpriceguide.net/articles-news/143-changes-to-novo-nordisk-patient-assistance-program-pap-2026"
  },
  {
    "page_title": "Articles and News - 340B Price Guide",
    "hyper_text": "Bausch Health Exits the 340B Drug Pricing Program",
    "link": "https://www.340bpriceguide.net/articles-news/142-bausch-health-exits-the-340b-drug-pricing-program"
  },
  {
    "page_title": "Articles and News - 340B Price Guide",
    "hyper_text": "Print",
    "link": "https://www.340bpriceguide.net/articles-news/142-bausch-health-exits-the-340b-drug-pricing-program?tmpl=component&print=1&layout=default"
  },
  {
    "page_title": "Articles and News - 340B Price Guide",
    "hyper_text": "Email",
    "link": "https://www.340bpriceguide.net/component/mailto/?tmpl=component&template=rt_chapelco_child&link=915b7f8f4733ba08ede3e87c060f748bad1a471b"
  },
  {
    "page_title": "Articles and News - 340B Price Guide",
    "hyper_text": "Read more ...",
    "link": "https://www.340bpriceguide.net/articles-news/142-bausch-health-exits-the-340b-drug-pricing-program"
  },
  {
    "page_title": "Articles and News - 340B Price Guide",
    "hyper_text": "2",
    "link": "https://www.340bpriceguide.net/articles-news?start=4"
  },
  {
    "page_title": "Articles and News - 340B Price Guide",
    "hyper_text": "3",
    "link": "https://www.340bpriceguide.net/articles-news?start=8"
  },
  {
    "page_title": "Articles and News - 340B Price Guide",
    "hyper_text": "4",
    "link": "https://www.340bpriceguide.net/articles-news?start=12"
  },
  {
    "page_title": "Articles and News - 340B Price Guide",
    "hyper_text": "5",
    "link": "https://www.340bpriceguide.net/articles-news?start=16"
  },
  {
    "page_title": "Articles and News - 340B Price Guide",
    "hyper_text": "6",
    "link": "https://www.340bpriceguide.net/articles-news?start=20"
  },
  {
    "page_title": "Articles and News - 340B Price Guide",
    "hyper_text": "Next",
    "link": "https://www.340bpriceguide.net/articles-news?start=4"
  },
  {
    "page_title": "Articles and News - 340B Price Guide",
    "hyper_text": "End",
    "link": "https://www.340bpriceguide.net/articles-news?start=20"
  },
  {
    "page_title": "Articles and News - 340B Price Guide",
    "hyper_text": "The FreeStyle Libre 2 and FreeStyle Libre 3 sensors will be discontinued in September",
    "link": "https://www.340bpriceguide.net/articles-news/141-the-freestyle-libre-2-and-freestyle-libre-3-sensors-will-be-discontinued-in-september"
  },
  {
    "page_title": "Articles and News - 340B Price Guide",
    "hyper_text": "Communication from BPHC announcing new award terms",
    "link": "https://www.340bpriceguide.net/articles-news/140-communication-from-bphc-announcing-new-award-terms"
  },
  {
    "page_title": "Articles and News - 340B Price Guide",
    "hyper_text": "Rite Aid Winds Down 340B Operations",
    "link": "https://www.340bpriceguide.net/articles-news/139-rite-aid-winds-down-340b-operations"
  },
  {
    "page_title": "Articles and News - 340B Price Guide",
    "hyper_text": "Continued Brand Name Victoza Shortages",
    "link": "https://www.340bpriceguide.net/articles-news/138-continued-brand-name-victoza-shortages"
  },
  {
    "page_title": "Articles and News - 340B Price Guide",
    "hyper_text": "Home",
    "link": "https://www.340bpriceguide.net/index.php"
  },
  {
    "page_title": "Articles and News - 340B Price Guide",
    "hyper_text": "About Us",
    "link": "https://www.340bpriceguide.net/index.php/about-us"
  },
  {
    "page_title": "Articles and News - 340B Price Guide",
    "hyper_text": "Articles & News",
    "link": "https://www.340bpriceguide.net/index.php/articles-news"
  },
  {
    "page_title": "Articles and News - 340B Price Guide",
    "hyper_text": "Contact Us",
    "link": "https://www.340bpriceguide.net/index.php/contact-us"
  },
  {
    "page_title": "Articles and News - 340B Price Guide",
    "hyper_text": "Linkedin",
    "link": "https://www.linkedin.com/in/torey-c-lam-387a162a"
  },
  {
    "page_title": "Articles and News - 340B Price Guide",
    "hyper_text": "info@340Bpriceguide.net",
    "link": "mailto:info@340Bpriceguide.com"
  },
  {
    "page_title": "Articles and News - 340B Price Guide",
    "hyper_text": "TOP",
    "link": "https://www.340bpriceguide.net/articles-news"
  },
  {
    "page_title": "Articles and News - 340B Price Guide",
    "hyper_text": "www.hrsa.gov/opa",
    "link": "http://www.hrsa.gov/opa"
  }
]