[
  {
    "text": "Our Story",
    "href": "https://lionsandtigers.com/our-story/"
  },
  {
    "text": "Why Now",
    "href": "https://lionsandtigers.com/why-now/"
  },
  {
    "text": "Solutions",
    "href": "https://lionsandtigers.com/solutions/"
  },
  {
    "text": "Join Our Team",
    "href": "https://lionsandtigers.com/join-our-team/"
  },
  {
    "text": "Hybrid Workplace Playbook",
    "href": "https://lionsandtigers.com/avoiding-the-all-or-nothing-workplace/"
  },
  {
    "text": "Blog",
    "href": "https://lionsandtigers.com/blog/"
  },
  {
    "text": "Newsletter",
    "href": "https://lionsandtigers.com/newsletter/"
  },
  {
    "text": "TALK TO US",
    "href": "https://lionsandtigers.com/talk-to-us/"
  }
]