[
  {
    "page_title": "Home - Teamup Ventures",
    "hyper_text": "Home",
    "link": "https://teamupventures.com/"
  },
  {
    "page_title": "Home - Teamup Ventures",
    "hyper_text": "The Pakistan Story",
    "link": "https://teamupventures.com/pakistan-story/"
  },
  {
    "page_title": "Home - Teamup Ventures",
    "hyper_text": "Our Team",
    "link": "https://teamupventures.com/#our-team"
  },
  {
    "page_title": "Home - Teamup Ventures",
    "hyper_text": "National Incubation Centre",
    "link": "https://nicpakistan.pk/"
  },
  {
    "page_title": "Home - Teamup Ventures",
    "hyper_text": "Scrapboard",
    "link": "https://teamupventures.com/#scrap-board"
  },
  {
    "page_title": "Home - Teamup Ventures",
    "hyper_text": "Contact & Careers",
    "link": "https://teamupventures.com/#contact-careers"
  },
  {
    "page_title": "Home - Teamup Ventures",
    "hyper_text": "3",
    "link": "https://teamupventures.com/#portfolio"
  },
  {
    "page_title": "Home - Teamup Ventures",
    "hyper_text": "get in touch",
    "link": "https://teamupventures.com/#contact-careers"
  },
  {
    "page_title": "Home - Teamup Ventures",
    "hyper_text": "READ MORE",
    "link": "https://teamupventures.com/pakistan-story/"
  },
  {
    "page_title": "Home - Teamup Ventures",
    "hyper_text": "Teamup@NIC",
    "link": "https://nicpakistan.pk"
  },
  {
    "page_title": "Home - Teamup Ventures",
    "hyper_text": "CONTACT US",
    "link": "https://teamupventures.com/#contact-careers"
  },
  {
    "page_title": "Home - Teamup Ventures",
    "hyper_text": "Teamup@NIC",
    "link": "https://nicpakistan.pk"
  },
  {
    "page_title": "Home - Teamup Ventures",
    "hyper_text": "",
    "link": "https://www.linkedin.com/in/zouhairkhaliq/"
  },
  {
    "page_title": "Home - Teamup Ventures",
    "hyper_text": "",
    "link": "https://twitter.com/ZouhairKhaliq"
  },
  {
    "page_title": "Home - Teamup Ventures",
    "hyper_text": "",
    "link": "mailto:zouhair@teamupventures.com"
  },
  {
    "page_title": "Home - Teamup Ventures",
    "hyper_text": "",
    "link": "https://www.linkedin.com/in/danyaalkhaliq/"
  },
  {
    "page_title": "Home - Teamup Ventures",
    "hyper_text": "",
    "link": "mailto:danyaal@teamupventures.com"
  },
  {
    "page_title": "Home - Teamup Ventures",
    "hyper_text": "",
    "link": "https://www.linkedin.com/in/ahmeduzair85/"
  },
  {
    "page_title": "Home - Teamup Ventures",
    "hyper_text": "View Details",
    "link": "https://teamupventures.com/scrapboard/the-era-of-vcs-and-boom-of-start-ups/"
  },
  {
    "page_title": "Home - Teamup Ventures",
    "hyper_text": "View Details",
    "link": "https://teamupventures.com/scrapboard/to-survive-pakistans-covid-pandemic-grocery-stores-go-online/"
  },
  {
    "page_title": "Home - Teamup Ventures",
    "hyper_text": "View Details",
    "link": "https://teamupventures.com/scrapboard/clicky-pk-attracts-700000-in-pre-series-a-funding-round/"
  },
  {
    "page_title": "Home - Teamup Ventures",
    "hyper_text": "View Details",
    "link": "https://teamupventures.com/scrapboard/pakistans-sehat-kahani-raises-1-million-pre-series-a-to-grow-its-telemedicine-network/"
  },
  {
    "page_title": "Home - Teamup Ventures",
    "hyper_text": "View Details",
    "link": "https://teamupventures.com/scrapboard/startup-challenges-the-way-out/"
  },
  {
    "page_title": "Home - Teamup Ventures",
    "hyper_text": "View Details",
    "link": "https://teamupventures.com/scrapboard/pak-tech-startup-remotebase-raises-1-4-million-led-by-indus-valley-capital/"
  },
  {
    "page_title": "Home - Teamup Ventures",
    "hyper_text": "View Details",
    "link": "https://teamupventures.com/scrapboard/islamabad-based-startup-called-shopsy-introduces-voice-search-for-its-customers/"
  },
  {
    "page_title": "Home - Teamup Ventures",
    "hyper_text": "View Details",
    "link": "https://teamupventures.com/scrapboard/pakistani-fintech-startup-called-paypro-receives-a-grant-of-rs-7-4-million-from-usaid-and-smea/"
  },
  {
    "page_title": "Home - Teamup Ventures",
    "hyper_text": "View Details",
    "link": "https://teamupventures.com/scrapboard/local-startup-is-using-ai-to-detect-covid-19/"
  },
  {
    "page_title": "Home - Teamup Ventures",
    "hyper_text": "View Details",
    "link": "https://teamupventures.com/scrapboard/humwell-comes-to-rescue-with-an-all-inclusive-telehealth-service/"
  },
  {
    "page_title": "Home - Teamup Ventures",
    "hyper_text": "View Details",
    "link": "https://teamupventures.com/scrapboard/pakistans-first-e-commerce-marketing-tool-launched-by-pakistani-entrepreneur-to-make-e-commerce-more-competitive/"
  },
  {
    "page_title": "Home - Teamup Ventures",
    "hyper_text": "View Details",
    "link": "https://teamupventures.com/scrapboard/pakistani-startups-break-records-in-2020-despite-global-economic-slowdown/"
  },
  {
    "page_title": "Home - Teamup Ventures",
    "hyper_text": "View Details",
    "link": "https://teamupventures.com/scrapboard/pakistans-truck-it-in-raises-1-5-million-pre-seed-for-its-trucking-marketplace/"
  },
  {
    "page_title": "Home - Teamup Ventures",
    "hyper_text": "View Details",
    "link": "https://teamupventures.com/scrapboard/pakistani-edtech-startup-edkasa-raises-320000-pre-seed-by-launching-an-exam-prep-app-for-students/"
  },
  {
    "page_title": "Home - Teamup Ventures",
    "hyper_text": "View Details",
    "link": "https://teamupventures.com/scrapboard/pakistan-launches-growth-funds-for-startups/"
  },
  {
    "page_title": "Home - Teamup Ventures",
    "hyper_text": "View Details",
    "link": "https://teamupventures.com/scrapboard/bayfikr-a-user-friendly-fin-tech-app-making-payments-in-pakistan-easier-for-overseas-pakistanis/"
  },
  {
    "page_title": "Home - Teamup Ventures",
    "hyper_text": "View Details",
    "link": "https://teamupventures.com/scrapboard/exclusive-pakistani-fintech-sadapay-raises-7-2-million-in-countrys-largest-seed-round/"
  },
  {
    "page_title": "Home - Teamup Ventures",
    "hyper_text": "View Details",
    "link": "https://teamupventures.com/scrapboard/despite-a-pandemic-pakistani-startups-had-their-best-year-yet-with-over-65-million-in-funding/"
  },
  {
    "page_title": "Home - Teamup Ventures",
    "hyper_text": "View Details",
    "link": "https://teamupventures.com/scrapboard/nic-welcomes-its-10th-cohort-of-startups/"
  },
  {
    "page_title": "Home - Teamup Ventures",
    "hyper_text": "View Details",
    "link": "https://teamupventures.com/scrapboard/for-a-successful-startup-ecosystem-pakistan-needs-to-learn-to-celebrate-failure/"
  },
  {
    "page_title": "Home - Teamup Ventures",
    "hyper_text": "Level 1 Gate Avenue – South",
    "link": "https://maps.app.goo.gl/6TW76qnbMrejyLBt6"
  },
  {
    "page_title": "Home - Teamup Ventures",
    "hyper_text": "Dubai International Financial Centre (DIFC)",
    "link": "https://maps.app.goo.gl/yuURWpV31zyayDeN7"
  },
  {
    "page_title": "Home - Teamup Ventures",
    "hyper_text": "contact@teamupventures.com",
    "link": "mailto:contact@teamupventures.com"
  },
  {
    "page_title": "Home - Teamup Ventures",
    "hyper_text": "",
    "link": "https://twitter.com/VenturesTeamup"
  },
  {
    "page_title": "Home - Teamup Ventures",
    "hyper_text": "",
    "link": "https://www.instagram.com/teamupventures/"
  },
  {
    "page_title": "Home - Teamup Ventures",
    "hyper_text": "",
    "link": "https://www.linkedin.com/company/teamup-ventures/"
  },
  {
    "page_title": "Home - Teamup Ventures",
    "hyper_text": "Terms & Conditions",
    "link": "https://teamupventures.com/terms-conditions/"
  }
]