[
  {
    "page_title": "Pakistan Story - Teamup Ventures",
    "hyper_text": "Home",
    "link": "https://teamupventures.com/"
  },
  {
    "page_title": "Pakistan Story - Teamup Ventures",
    "hyper_text": "The Pakistan Story",
    "link": "https://teamupventures.com/pakistan-story/"
  },
  {
    "page_title": "Pakistan Story - Teamup Ventures",
    "hyper_text": "Our Team",
    "link": "https://teamupventures.com/#our-team"
  },
  {
    "page_title": "Pakistan Story - Teamup Ventures",
    "hyper_text": "National Incubation Centre",
    "link": "https://nicpakistan.pk/"
  },
  {
    "page_title": "Pakistan Story - Teamup Ventures",
    "hyper_text": "Scrapboard",
    "link": "https://teamupventures.com/#scrap-board"
  },
  {
    "page_title": "Pakistan Story - Teamup Ventures",
    "hyper_text": "Contact & Careers",
    "link": "https://teamupventures.com/#contact-careers"
  },
  {
    "page_title": "Pakistan Story - Teamup Ventures",
    "hyper_text": "Level 1 Gate Avenue – South",
    "link": "https://maps.app.goo.gl/6TW76qnbMrejyLBt6"
  },
  {
    "page_title": "Pakistan Story - Teamup Ventures",
    "hyper_text": "Dubai International Financial Centre (DIFC)",
    "link": "https://maps.app.goo.gl/yuURWpV31zyayDeN7"
  },
  {
    "page_title": "Pakistan Story - Teamup Ventures",
    "hyper_text": "contact@teamupventures.com",
    "link": "mailto:contact@teamupventures.com"
  },
  {
    "page_title": "Pakistan Story - Teamup Ventures",
    "hyper_text": "",
    "link": "https://twitter.com/VenturesTeamup"
  },
  {
    "page_title": "Pakistan Story - Teamup Ventures",
    "hyper_text": "",
    "link": "https://www.instagram.com/teamupventures/"
  },
  {
    "page_title": "Pakistan Story - Teamup Ventures",
    "hyper_text": "",
    "link": "https://www.linkedin.com/company/teamup-ventures/"
  },
  {
    "page_title": "Pakistan Story - Teamup Ventures",
    "hyper_text": "Terms & Conditions",
    "link": "https://teamupventures.com/terms-conditions/"
  }
]