[
  {
    "page_title": "Blog - Lions & Tigers",
    "hyper_text": "Our Story",
    "link": "https://lionsandtigers.com/our-story/"
  },
  {
    "page_title": "Blog - Lions & Tigers",
    "hyper_text": "Why Now",
    "link": "https://lionsandtigers.com/why-now/"
  },
  {
    "page_title": "Blog - Lions & Tigers",
    "hyper_text": "Solutions",
    "link": "https://lionsandtigers.com/solutions/"
  },
  {
    "page_title": "Blog - Lions & Tigers",
    "hyper_text": "Join Our Team",
    "link": "https://lionsandtigers.com/join-our-team/"
  },
  {
    "page_title": "Blog - Lions & Tigers",
    "hyper_text": "Resources",
    "link": "https://lionsandtigers.com/blog/"
  },
  {
    "page_title": "Blog - Lions & Tigers",
    "hyper_text": "Hybrid Workplace Playbook",
    "link": "https://lionsandtigers.com/avoiding-the-all-or-nothing-workplace/"
  },
  {
    "page_title": "Blog - Lions & Tigers",
    "hyper_text": "Blog",
    "link": "https://lionsandtigers.com/blog/"
  },
  {
    "page_title": "Blog - Lions & Tigers",
    "hyper_text": "Newsletter",
    "link": "https://lionsandtigers.com/newsletter/"
  },
  {
    "page_title": "Blog - Lions & Tigers",
    "hyper_text": "TALK TO US",
    "link": "https://lionsandtigers.com/talk-to-us/"
  },
  {
    "page_title": "Blog - Lions & Tigers",
    "hyper_text": "Talk to Us",
    "link": "https://lionsandtigers.com/talk-to-us/"
  },
  {
    "page_title": "Blog - Lions & Tigers",
    "hyper_text": "Our Story",
    "link": "https://lionsandtigers.com/our-story/"
  },
  {
    "page_title": "Blog - Lions & Tigers",
    "hyper_text": "Why Now",
    "link": "https://lionsandtigers.com/why-now/"
  },
  {
    "page_title": "Blog - Lions & Tigers",
    "hyper_text": "Solutions",
    "link": "https://lionsandtigers.com/solutions/"
  },
  {
    "page_title": "Blog - Lions & Tigers",
    "hyper_text": "Join Our Team",
    "link": "https://lionsandtigers.com/join-our-team/"
  },
  {
    "page_title": "Blog - Lions & Tigers",
    "hyper_text": "Resources",
    "link": "https://lionsandtigers.com/blog/"
  },
  {
    "page_title": "Blog - Lions & Tigers",
    "hyper_text": "Hybrid Workplace Playbook",
    "link": "https://lionsandtigers.com/avoiding-the-all-or-nothing-workplace/"
  },
  {
    "page_title": "Blog - Lions & Tigers",
    "hyper_text": "Blog",
    "link": "https://lionsandtigers.com/blog/"
  },
  {
    "page_title": "Blog - Lions & Tigers",
    "hyper_text": "Newsletter",
    "link": "https://lionsandtigers.com/newsletter/"
  },
  {
    "page_title": "Blog - Lions & Tigers",
    "hyper_text": "Take me there",
    "link": "https://lionsandtigers.com/media/"
  },
  {
    "page_title": "Blog - Lions & Tigers",
    "hyper_text": "Workforce Reimagined Research Launch Event",
    "link": "https://lionsandtigers.com/workforce-reimagined-research-launch-event/"
  },
  {
    "page_title": "Blog - Lions & Tigers",
    "hyper_text": "noteworthy",
    "link": "https://lionsandtigers.com/category/noteworthy/"
  },
  {
    "page_title": "Blog - Lions & Tigers",
    "hyper_text": "thought leadership",
    "link": "https://lionsandtigers.com/category/thought-leadership/"
  },
  {
    "page_title": "Blog - Lions & Tigers",
    "hyper_text": "read more",
    "link": "https://lionsandtigers.com/workforce-reimagined-research-launch-event/"
  },
  {
    "page_title": "Blog - Lions & Tigers",
    "hyper_text": "Looking Ahead, Together: Highlights from the Lions & Tigers 2025 Picnic",
    "link": "https://lionsandtigers.com/looking-ahead-together-highlights-from-the-lions-tigers-2025-picnic/"
  },
  {
    "page_title": "Blog - Lions & Tigers",
    "hyper_text": "new",
    "link": "https://lionsandtigers.com/category/new/"
  },
  {
    "page_title": "Blog - Lions & Tigers",
    "hyper_text": "people",
    "link": "https://lionsandtigers.com/category/people/"
  },
  {
    "page_title": "Blog - Lions & Tigers",
    "hyper_text": "read more",
    "link": "https://lionsandtigers.com/looking-ahead-together-highlights-from-the-lions-tigers-2025-picnic/"
  },
  {
    "page_title": "Blog - Lions & Tigers",
    "hyper_text": "Building Better Workplaces for Women: 3 Power Moves to Help You Grow, Lead, and Thrive",
    "link": "https://lionsandtigers.com/building-better-workplaces-for-women-3-power-moves-to-help-you-grow-lead-and-thrive/"
  },
  {
    "page_title": "Blog - Lions & Tigers",
    "hyper_text": "best practices",
    "link": "https://lionsandtigers.com/category/best-practices/"
  },
  {
    "page_title": "Blog - Lions & Tigers",
    "hyper_text": "noteworthy",
    "link": "https://lionsandtigers.com/category/noteworthy/"
  },
  {
    "page_title": "Blog - Lions & Tigers",
    "hyper_text": "read more",
    "link": "https://lionsandtigers.com/building-better-workplaces-for-women-3-power-moves-to-help-you-grow-lead-and-thrive/"
  },
  {
    "page_title": "Blog - Lions & Tigers",
    "hyper_text": "Elevating Culture & Community:  Miranda Leurquin’s New Chapter at L&T",
    "link": "https://lionsandtigers.com/elevating-culture-community-miranda-hickmans-new-chapter-at-lt/"
  },
  {
    "page_title": "Blog - Lions & Tigers",
    "hyper_text": "people",
    "link": "https://lionsandtigers.com/category/people/"
  },
  {
    "page_title": "Blog - Lions & Tigers",
    "hyper_text": "read more",
    "link": "https://lionsandtigers.com/elevating-culture-community-miranda-hickmans-new-chapter-at-lt/"
  },
  {
    "page_title": "Blog - Lions & Tigers",
    "hyper_text": "« Older Entries",
    "link": "https://lionsandtigers.com/blog/page/2/?et_blog"
  },
  {
    "page_title": "Blog - Lions & Tigers",
    "hyper_text": "Follow",
    "link": "https://www.linkedin.com/company/lionsandtigers"
  },
  {
    "page_title": "Blog - Lions & Tigers",
    "hyper_text": "Follow",
    "link": "https://twitter.com/lionstigersco"
  },
  {
    "page_title": "Blog - Lions & Tigers",
    "hyper_text": "Follow",
    "link": "https://www.instagram.com/lionstigersco/"
  },
  {
    "page_title": "Blog - Lions & Tigers",
    "hyper_text": "Follow",
    "link": "https://www.youtube.com/@lionstigersco"
  },
  {
    "page_title": "Blog - Lions & Tigers",
    "hyper_text": "Talk to Us",
    "link": "https://lionsandtigers.com/talk-to-us/"
  },
  {
    "page_title": "Blog - Lions & Tigers",
    "hyper_text": "Our Story",
    "link": "https://lionsandtigers.com/our-story/"
  },
  {
    "page_title": "Blog - Lions & Tigers",
    "hyper_text": "Why Now",
    "link": "https://lionsandtigers.com/why-now/"
  },
  {
    "page_title": "Blog - Lions & Tigers",
    "hyper_text": "Join Our Team",
    "link": "https://lionsandtigers.com/join-our-team/"
  },
  {
    "page_title": "Blog - Lions & Tigers",
    "hyper_text": "Solutions",
    "link": "https://lionsandtigers.com/solutions/"
  },
  {
    "page_title": "Blog - Lions & Tigers",
    "hyper_text": "Hybrid Workplace Playbook",
    "link": "https://lionsandtigers.com/avoiding-the-all-or-nothing-workplace/"
  },
  {
    "page_title": "Blog - Lions & Tigers",
    "hyper_text": "Blog",
    "link": "https://lionsandtigers.com/blog/"
  },
  {
    "page_title": "Blog - Lions & Tigers",
    "hyper_text": "Media",
    "link": "https://lionsandtigers.com/media/"
  },
  {
    "page_title": "Blog - Lions & Tigers",
    "hyper_text": "General Inquiries",
    "link": "https://lionsandtigers.com/general-inquiries/"
  },
  {
    "page_title": "Blog - Lions & Tigers",
    "hyper_text": "Our Story",
    "link": "https://lionsandtigers.com/our-story/"
  },
  {
    "page_title": "Blog - Lions & Tigers",
    "hyper_text": "Why Now",
    "link": "https://lionsandtigers.com/why-now/"
  },
  {
    "page_title": "Blog - Lions & Tigers",
    "hyper_text": "Join Our Team",
    "link": "https://lionsandtigers.com/join-our-team/"
  },
  {
    "page_title": "Blog - Lions & Tigers",
    "hyper_text": "DEI",
    "link": "https://lionsandtigers.com/dei/"
  },
  {
    "page_title": "Blog - Lions & Tigers",
    "hyper_text": "Working Together",
    "link": "https://lionsandtigers.com/solutions/#working-together"
  },
  {
    "page_title": "Blog - Lions & Tigers",
    "hyper_text": "Engagement Model",
    "link": "https://lionsandtigers.com/solutions/#engagement-model"
  },
  {
    "page_title": "Blog - Lions & Tigers",
    "hyper_text": "Capabilities & Skillsets",
    "link": "https://lionsandtigers.com/solutions/#capabilities-skillsets"
  },
  {
    "page_title": "Blog - Lions & Tigers",
    "hyper_text": "Case Studies",
    "link": "https://lionsandtigers.com/solutions/#client-stories"
  },
  {
    "page_title": "Blog - Lions & Tigers",
    "hyper_text": "Hybrid Workplace Playbook",
    "link": "https://lionsandtigers.com/avoiding-the-all-or-nothing-workplace/"
  },
  {
    "page_title": "Blog - Lions & Tigers",
    "hyper_text": "Blog",
    "link": "https://lionsandtigers.com/blog/"
  },
  {
    "page_title": "Blog - Lions & Tigers",
    "hyper_text": "Media",
    "link": "https://lionsandtigers.com/media/"
  },
  {
    "page_title": "Blog - Lions & Tigers",
    "hyper_text": "General Inquiries",
    "link": "https://lionsandtigers.com/general-inquiries/"
  },
  {
    "page_title": "Blog - Lions & Tigers",
    "hyper_text": "Privacy Policy",
    "link": "https://lionsandtigers.com/privacy-policy/"
  },
  {
    "page_title": "Blog - Lions & Tigers",
    "hyper_text": "Follow",
    "link": "https://www.linkedin.com/company/lionsandtigers"
  },
  {
    "page_title": "Blog - Lions & Tigers",
    "hyper_text": "Follow",
    "link": "https://twitter.com/lionstigersco"
  },
  {
    "page_title": "Blog - Lions & Tigers",
    "hyper_text": "Follow",
    "link": "https://www.instagram.com/lionstigersco/"
  },
  {
    "page_title": "Blog - Lions & Tigers",
    "hyper_text": "Follow",
    "link": "https://www.youtube.com/@lionstigersco"
  }
]