[
  {
    "page_title": "Altitude OCR PARA - Altitude OCR",
    "hyper_text": "Everest 2022",
    "link": "https://altitudeocr.com/ocr-everest-2022/"
  },
  {
    "page_title": "Altitude OCR PARA - Altitude OCR",
    "hyper_text": "OCR PARA",
    "link": "https://altitudeocr.com/altitude-ocr-para/"
  },
  {
    "page_title": "Altitude OCR PARA - Altitude OCR",
    "hyper_text": "World Championships",
    "link": "https://altitudeocr.com/world-championships/"
  },
  {
    "page_title": "Altitude OCR PARA - Altitude OCR",
    "hyper_text": "Qualifying Criteria",
    "link": "https://altitudeocr.com/qualifying-criteria/"
  },
  {
    "page_title": "Altitude OCR PARA - Altitude OCR",
    "hyper_text": "Press Release",
    "link": "https://altitudeocr.com/press-release/"
  },
  {
    "page_title": "Altitude OCR PARA - Altitude OCR",
    "hyper_text": "Kilimanjaro 2021",
    "link": "https://altitudeocr.com/kilimanjaro-2021-2/"
  },
  {
    "page_title": "Altitude OCR PARA - Altitude OCR",
    "hyper_text": "World Finals",
    "link": "https://altitudeocr.com/world-finals/"
  },
  {
    "page_title": "Altitude OCR PARA - Altitude OCR",
    "hyper_text": "World Series",
    "link": "https://altitudeocr.com/world-series/"
  },
  {
    "page_title": "Altitude OCR PARA - Altitude OCR",
    "hyper_text": "About Us",
    "link": "https://altitudeocr.com/about-us/"
  },
  {
    "page_title": "Altitude OCR PARA - Altitude OCR",
    "hyper_text": "Ambassadors",
    "link": "https://altitudeocr.com/ambassadors/"
  },
  {
    "page_title": "Altitude OCR PARA - Altitude OCR",
    "hyper_text": "Worlds Highest Standards",
    "link": "https://altitudeocr.com/worlds-highest-standards/"
  },
  {
    "page_title": "Altitude OCR PARA - Altitude OCR",
    "hyper_text": "Worlds Highest Values",
    "link": "https://altitudeocr.com/worlds-highest-values/"
  },
  {
    "page_title": "Altitude OCR PARA - Altitude OCR",
    "hyper_text": "OCR Journey",
    "link": "https://altitudeocr.com/altitude-ocr-journey/"
  },
  {
    "page_title": "Altitude OCR PARA - Altitude OCR",
    "hyper_text": "Partners",
    "link": "https://altitudeocr.com/partners/"
  },
  {
    "page_title": "Altitude OCR PARA - Altitude OCR",
    "hyper_text": "Home",
    "link": "https://altitudeocr.com/"
  },
  {
    "page_title": "Altitude OCR PARA - Altitude OCR",
    "hyper_text": "Phase oneAscent",
    "link": "https://altitudeocr.com/altitude-ocr-para/"
  },
  {
    "page_title": "Altitude OCR PARA - Altitude OCR",
    "hyper_text": "Phase twoObstacle Course",
    "link": "https://altitudeocr.com/altitude-ocr-para/"
  },
  {
    "page_title": "Altitude OCR PARA - Altitude OCR",
    "hyper_text": "Phase threeDescent",
    "link": "https://altitudeocr.com/altitude-ocr-para/"
  },
  {
    "page_title": "Altitude OCR PARA - Altitude OCR",
    "hyper_text": "Travel Advice",
    "link": "https://www.fr.tzembassy.go.tz/resources/view/travel-advisory-no.-7-of-4th-may-2021"
  },
  {
    "page_title": "Altitude OCR PARA - Altitude OCR",
    "hyper_text": "Tanzanian Visa Apllication",
    "link": "https://eservices.immigration.go.tz/visa/start"
  },
  {
    "page_title": "Altitude OCR PARA - Altitude OCR",
    "hyper_text": "Competition Rules",
    "link": "https://www.worldobstacle.org/competition-rules/"
  },
  {
    "page_title": "Altitude OCR PARA - Altitude OCR",
    "hyper_text": "Everest 2022",
    "link": "https://altitudeocr.com/ocr-everest-2022/"
  },
  {
    "page_title": "Altitude OCR PARA - Altitude OCR",
    "hyper_text": "Altitude OCR PARA",
    "link": "https://altitudeocr.com/altitude-ocr-para/"
  },
  {
    "page_title": "Altitude OCR PARA - Altitude OCR",
    "hyper_text": "World Championships",
    "link": "https://altitudeocr.com/world-championships/"
  },
  {
    "page_title": "Altitude OCR PARA - Altitude OCR",
    "hyper_text": "World Finals",
    "link": "https://altitudeocr.com/world-finals/"
  },
  {
    "page_title": "Altitude OCR PARA - Altitude OCR",
    "hyper_text": "World Series",
    "link": "https://altitudeocr.com/world-series/"
  },
  {
    "page_title": "Altitude OCR PARA - Altitude OCR",
    "hyper_text": "About Us",
    "link": "https://altitudeocr.com/about-us/"
  },
  {
    "page_title": "Altitude OCR PARA - Altitude OCR",
    "hyper_text": "Altitude OCR Journey",
    "link": "https://altitudeocr.com/altitude-ocr-journey/"
  },
  {
    "page_title": "Altitude OCR PARA - Altitude OCR",
    "hyper_text": "Partners",
    "link": "https://altitudeocr.com/partners/"
  },
  {
    "page_title": "Altitude OCR PARA - Altitude OCR",
    "hyper_text": "Contact",
    "link": "https://altitudeocr.com/contact/"
  },
  {
    "page_title": "Altitude OCR PARA - Altitude OCR",
    "hyper_text": "Blog",
    "link": "https://altitudeocr.com/blog/"
  },
  {
    "page_title": "Altitude OCR PARA - Altitude OCR",
    "hyper_text": "Terms & Conditions",
    "link": "https://altitudeocr.com/terms-conditions/"
  },
  {
    "page_title": "Altitude OCR PARA - Altitude OCR",
    "hyper_text": "Cookies",
    "link": "https://altitudeocr.com/cookies/"
  },
  {
    "page_title": "Altitude OCR PARA - Altitude OCR",
    "hyper_text": "Privacy",
    "link": "https://altitudeocr.com/privacy/"
  },
  {
    "page_title": "Altitude OCR PARA - Altitude OCR",
    "hyper_text": "Terms of Website Use",
    "link": "https://altitudeocr.com/terms-of-website-use/"
  },
  {
    "page_title": "Altitude OCR PARA - Altitude OCR",
    "hyper_text": "Acceptable Use Policy",
    "link": "https://altitudeocr.com/acceptable-use-policy/"
  },
  {
    "page_title": "Altitude OCR PARA - Altitude OCR",
    "hyper_text": "Copyright Notice",
    "link": "https://altitudeocr.com/copyright-notice/"
  },
  {
    "page_title": "Altitude OCR PARA - Altitude OCR",
    "hyper_text": "[email protected]",
    "link": "https://altitudeocr.com/cdn-cgi/l/email-protection#eb9f8e8a86ab8e9b8c8784898a878e9d8e859f98c5888486"
  },
  {
    "page_title": "Altitude OCR PARA - Altitude OCR",
    "hyper_text": "Facebook",
    "link": "https://www.facebook.com/WorldsHighestOCR"
  },
  {
    "page_title": "Altitude OCR PARA - Altitude OCR",
    "hyper_text": "Instagram",
    "link": "https://www.instagram.com/worldshighestocr/"
  },
  {
    "page_title": "Altitude OCR PARA - Altitude OCR",
    "hyper_text": "LinkedIn",
    "link": "https://www.linkedin.com/company/world-s-highest-ocr/"
  },
  {
    "page_title": "Altitude OCR PARA - Altitude OCR",
    "hyper_text": "Email Us",
    "link": "https://altitudeocr.com/cdn-cgi/l/email-protection#e29687838fa28792858e8d80838e8794878c9691cc818d8f"
  }
]