[
  {
    "page_title": "Press Release - Altitude OCR",
    "hyper_text": "Everest 2022",
    "link": "https://altitudeocr.com/ocr-everest-2022/"
  },
  {
    "page_title": "Press Release - Altitude OCR",
    "hyper_text": "OCR PARA",
    "link": "https://altitudeocr.com/altitude-ocr-para/"
  },
  {
    "page_title": "Press Release - Altitude OCR",
    "hyper_text": "World Championships",
    "link": "https://altitudeocr.com/world-championships/"
  },
  {
    "page_title": "Press Release - Altitude OCR",
    "hyper_text": "Qualifying Criteria",
    "link": "https://altitudeocr.com/qualifying-criteria/"
  },
  {
    "page_title": "Press Release - Altitude OCR",
    "hyper_text": "Press Release",
    "link": "https://altitudeocr.com/press-release/"
  },
  {
    "page_title": "Press Release - Altitude OCR",
    "hyper_text": "Kilimanjaro 2021",
    "link": "https://altitudeocr.com/kilimanjaro-2021-2/"
  },
  {
    "page_title": "Press Release - Altitude OCR",
    "hyper_text": "World Finals",
    "link": "https://altitudeocr.com/world-finals/"
  },
  {
    "page_title": "Press Release - Altitude OCR",
    "hyper_text": "World Series",
    "link": "https://altitudeocr.com/world-series/"
  },
  {
    "page_title": "Press Release - Altitude OCR",
    "hyper_text": "About Us",
    "link": "https://altitudeocr.com/about-us/"
  },
  {
    "page_title": "Press Release - Altitude OCR",
    "hyper_text": "Ambassadors",
    "link": "https://altitudeocr.com/ambassadors/"
  },
  {
    "page_title": "Press Release - Altitude OCR",
    "hyper_text": "Worlds Highest Standards",
    "link": "https://altitudeocr.com/worlds-highest-standards/"
  },
  {
    "page_title": "Press Release - Altitude OCR",
    "hyper_text": "Worlds Highest Values",
    "link": "https://altitudeocr.com/worlds-highest-values/"
  },
  {
    "page_title": "Press Release - Altitude OCR",
    "hyper_text": "OCR Journey",
    "link": "https://altitudeocr.com/altitude-ocr-journey/"
  },
  {
    "page_title": "Press Release - Altitude OCR",
    "hyper_text": "Partners",
    "link": "https://altitudeocr.com/partners/"
  },
  {
    "page_title": "Press Release - Altitude OCR",
    "hyper_text": "Home",
    "link": "https://altitudeocr.com/"
  },
  {
    "page_title": "Press Release - Altitude OCR",
    "hyper_text": "BOOK NOW",
    "link": "https://altitudeocr.com/altitude-ocr-para/#paraRegForm"
  },
  {
    "page_title": "Press Release - Altitude OCR",
    "hyper_text": "GET IN TOUCH",
    "link": "https://altitudeocr.com/contact"
  },
  {
    "page_title": "Press Release - Altitude OCR",
    "hyper_text": "[email protected]",
    "link": "https://altitudeocr.com/cdn-cgi/l/email-protection#186c7d7975587d687f74777a79747d6e7d766c6b367b7775"
  },
  {
    "page_title": "Press Release - Altitude OCR",
    "hyper_text": "[email protected]",
    "link": "https://altitudeocr.com/cdn-cgi/l/email-protection#532736323e133623343f3c31323f3625363d27207d303c3e"
  },
  {
    "page_title": "Press Release - Altitude OCR",
    "hyper_text": "[email protected]",
    "link": "https://altitudeocr.com/cdn-cgi/l/email-protection#d8b5bdbcb1b998afb7aab4bcb7bbaaf6b7aabfe7abadbab2bdbbace5979b8afdeae88fb7aab4bcfdeae89bada8fdeae88bb7bbb0b1fdeae8eae8eae8"
  },
  {
    "page_title": "Press Release - Altitude OCR",
    "hyper_text": "[email protected]",
    "link": "https://altitudeocr.com/cdn-cgi/l/email-protection#d1a5b4b0bc91b4a1b6bdbeb3b0bdb4a7b4bfa5a2ffb2bebc"
  },
  {
    "page_title": "Press Release - Altitude OCR",
    "hyper_text": "[email protected]",
    "link": "https://altitudeocr.com/cdn-cgi/l/email-protection#4c2d20622d2b3e2d0c3b233e2028232e3f382d2f202962233e2b"
  },
  {
    "page_title": "Press Release - Altitude OCR",
    "hyper_text": "BOOK NOW",
    "link": "https://altitudeocr.com/altitude-ocr-para/#paraRegForm"
  },
  {
    "page_title": "Press Release - Altitude OCR",
    "hyper_text": "GET IN TOUCH",
    "link": "https://altitudeocr.com/contact"
  },
  {
    "page_title": "Press Release - Altitude OCR",
    "hyper_text": "Everest 2022",
    "link": "https://altitudeocr.com/ocr-everest-2022/"
  },
  {
    "page_title": "Press Release - Altitude OCR",
    "hyper_text": "Altitude OCR PARA",
    "link": "https://altitudeocr.com/altitude-ocr-para/"
  },
  {
    "page_title": "Press Release - Altitude OCR",
    "hyper_text": "World Championships",
    "link": "https://altitudeocr.com/world-championships/"
  },
  {
    "page_title": "Press Release - Altitude OCR",
    "hyper_text": "World Finals",
    "link": "https://altitudeocr.com/world-finals/"
  },
  {
    "page_title": "Press Release - Altitude OCR",
    "hyper_text": "World Series",
    "link": "https://altitudeocr.com/world-series/"
  },
  {
    "page_title": "Press Release - Altitude OCR",
    "hyper_text": "About Us",
    "link": "https://altitudeocr.com/about-us/"
  },
  {
    "page_title": "Press Release - Altitude OCR",
    "hyper_text": "Altitude OCR Journey",
    "link": "https://altitudeocr.com/altitude-ocr-journey/"
  },
  {
    "page_title": "Press Release - Altitude OCR",
    "hyper_text": "Partners",
    "link": "https://altitudeocr.com/partners/"
  },
  {
    "page_title": "Press Release - Altitude OCR",
    "hyper_text": "Contact",
    "link": "https://altitudeocr.com/contact/"
  },
  {
    "page_title": "Press Release - Altitude OCR",
    "hyper_text": "Blog",
    "link": "https://altitudeocr.com/blog/"
  },
  {
    "page_title": "Press Release - Altitude OCR",
    "hyper_text": "Terms & Conditions",
    "link": "https://altitudeocr.com/terms-conditions/"
  },
  {
    "page_title": "Press Release - Altitude OCR",
    "hyper_text": "Cookies",
    "link": "https://altitudeocr.com/cookies/"
  },
  {
    "page_title": "Press Release - Altitude OCR",
    "hyper_text": "Privacy",
    "link": "https://altitudeocr.com/privacy/"
  },
  {
    "page_title": "Press Release - Altitude OCR",
    "hyper_text": "Terms of Website Use",
    "link": "https://altitudeocr.com/terms-of-website-use/"
  },
  {
    "page_title": "Press Release - Altitude OCR",
    "hyper_text": "Acceptable Use Policy",
    "link": "https://altitudeocr.com/acceptable-use-policy/"
  },
  {
    "page_title": "Press Release - Altitude OCR",
    "hyper_text": "Copyright Notice",
    "link": "https://altitudeocr.com/copyright-notice/"
  },
  {
    "page_title": "Press Release - Altitude OCR",
    "hyper_text": "[email protected]",
    "link": "https://altitudeocr.com/cdn-cgi/l/email-protection#4d39282c200d283d2a21222f2c21283b2823393e632e2220"
  },
  {
    "page_title": "Press Release - Altitude OCR",
    "hyper_text": "Facebook",
    "link": "https://www.facebook.com/WorldsHighestOCR"
  },
  {
    "page_title": "Press Release - Altitude OCR",
    "hyper_text": "Instagram",
    "link": "https://www.instagram.com/worldshighestocr/"
  },
  {
    "page_title": "Press Release - Altitude OCR",
    "hyper_text": "LinkedIn",
    "link": "https://www.linkedin.com/company/world-s-highest-ocr/"
  },
  {
    "page_title": "Press Release - Altitude OCR",
    "hyper_text": "Email Us",
    "link": "https://altitudeocr.com/cdn-cgi/l/email-protection#750110141835100512191a1714191003101b01065b161a18"
  }
]