[
  {
    "page_title": "Worlds Highest Standards - Altitude OCR",
    "hyper_text": "Everest 2022",
    "link": "https://altitudeocr.com/ocr-everest-2022/"
  },
  {
    "page_title": "Worlds Highest Standards - Altitude OCR",
    "hyper_text": "OCR PARA",
    "link": "https://altitudeocr.com/altitude-ocr-para/"
  },
  {
    "page_title": "Worlds Highest Standards - Altitude OCR",
    "hyper_text": "World Championships",
    "link": "https://altitudeocr.com/world-championships/"
  },
  {
    "page_title": "Worlds Highest Standards - Altitude OCR",
    "hyper_text": "Qualifying Criteria",
    "link": "https://altitudeocr.com/qualifying-criteria/"
  },
  {
    "page_title": "Worlds Highest Standards - Altitude OCR",
    "hyper_text": "Press Release",
    "link": "https://altitudeocr.com/press-release/"
  },
  {
    "page_title": "Worlds Highest Standards - Altitude OCR",
    "hyper_text": "Kilimanjaro 2021",
    "link": "https://altitudeocr.com/kilimanjaro-2021-2/"
  },
  {
    "page_title": "Worlds Highest Standards - Altitude OCR",
    "hyper_text": "World Finals",
    "link": "https://altitudeocr.com/world-finals/"
  },
  {
    "page_title": "Worlds Highest Standards - Altitude OCR",
    "hyper_text": "World Series",
    "link": "https://altitudeocr.com/world-series/"
  },
  {
    "page_title": "Worlds Highest Standards - Altitude OCR",
    "hyper_text": "About Us",
    "link": "https://altitudeocr.com/about-us/"
  },
  {
    "page_title": "Worlds Highest Standards - Altitude OCR",
    "hyper_text": "Ambassadors",
    "link": "https://altitudeocr.com/ambassadors/"
  },
  {
    "page_title": "Worlds Highest Standards - Altitude OCR",
    "hyper_text": "Worlds Highest Standards",
    "link": "https://altitudeocr.com/worlds-highest-standards/"
  },
  {
    "page_title": "Worlds Highest Standards - Altitude OCR",
    "hyper_text": "Worlds Highest Values",
    "link": "https://altitudeocr.com/worlds-highest-values/"
  },
  {
    "page_title": "Worlds Highest Standards - Altitude OCR",
    "hyper_text": "OCR Journey",
    "link": "https://altitudeocr.com/altitude-ocr-journey/"
  },
  {
    "page_title": "Worlds Highest Standards - Altitude OCR",
    "hyper_text": "Partners",
    "link": "https://altitudeocr.com/partners/"
  },
  {
    "page_title": "Worlds Highest Standards - Altitude OCR",
    "hyper_text": "Home",
    "link": "https://altitudeocr.com/"
  },
  {
    "page_title": "Worlds Highest Standards - Altitude OCR",
    "hyper_text": "BOOK NOW",
    "link": "https://altitudeocr.com/altitude-ocr-para/#paraRegForm"
  },
  {
    "page_title": "Worlds Highest Standards - Altitude OCR",
    "hyper_text": "GET IN TOUCH",
    "link": "https://altitudeocr.com/contact"
  },
  {
    "page_title": "Worlds Highest Standards - Altitude OCR",
    "hyper_text": "contact us",
    "link": "https://altitudeocr.com/contact/"
  },
  {
    "page_title": "Worlds Highest Standards - Altitude OCR",
    "hyper_text": "Everest 2022",
    "link": "https://altitudeocr.com/ocr-everest-2022/"
  },
  {
    "page_title": "Worlds Highest Standards - Altitude OCR",
    "hyper_text": "Altitude OCR PARA",
    "link": "https://altitudeocr.com/altitude-ocr-para/"
  },
  {
    "page_title": "Worlds Highest Standards - Altitude OCR",
    "hyper_text": "World Championships",
    "link": "https://altitudeocr.com/world-championships/"
  },
  {
    "page_title": "Worlds Highest Standards - Altitude OCR",
    "hyper_text": "World Finals",
    "link": "https://altitudeocr.com/world-finals/"
  },
  {
    "page_title": "Worlds Highest Standards - Altitude OCR",
    "hyper_text": "World Series",
    "link": "https://altitudeocr.com/world-series/"
  },
  {
    "page_title": "Worlds Highest Standards - Altitude OCR",
    "hyper_text": "About Us",
    "link": "https://altitudeocr.com/about-us/"
  },
  {
    "page_title": "Worlds Highest Standards - Altitude OCR",
    "hyper_text": "Altitude OCR Journey",
    "link": "https://altitudeocr.com/altitude-ocr-journey/"
  },
  {
    "page_title": "Worlds Highest Standards - Altitude OCR",
    "hyper_text": "Partners",
    "link": "https://altitudeocr.com/partners/"
  },
  {
    "page_title": "Worlds Highest Standards - Altitude OCR",
    "hyper_text": "Contact",
    "link": "https://altitudeocr.com/contact/"
  },
  {
    "page_title": "Worlds Highest Standards - Altitude OCR",
    "hyper_text": "Blog",
    "link": "https://altitudeocr.com/blog/"
  },
  {
    "page_title": "Worlds Highest Standards - Altitude OCR",
    "hyper_text": "Terms & Conditions",
    "link": "https://altitudeocr.com/terms-conditions/"
  },
  {
    "page_title": "Worlds Highest Standards - Altitude OCR",
    "hyper_text": "Cookies",
    "link": "https://altitudeocr.com/cookies/"
  },
  {
    "page_title": "Worlds Highest Standards - Altitude OCR",
    "hyper_text": "Privacy",
    "link": "https://altitudeocr.com/privacy/"
  },
  {
    "page_title": "Worlds Highest Standards - Altitude OCR",
    "hyper_text": "Terms of Website Use",
    "link": "https://altitudeocr.com/terms-of-website-use/"
  },
  {
    "page_title": "Worlds Highest Standards - Altitude OCR",
    "hyper_text": "Acceptable Use Policy",
    "link": "https://altitudeocr.com/acceptable-use-policy/"
  },
  {
    "page_title": "Worlds Highest Standards - Altitude OCR",
    "hyper_text": "Copyright Notice",
    "link": "https://altitudeocr.com/copyright-notice/"
  },
  {
    "page_title": "Worlds Highest Standards - Altitude OCR",
    "hyper_text": "[email protected]",
    "link": "https://altitudeocr.com/cdn-cgi/l/email-protection#8afeefebe7caeffaede6e5e8ebe6effcefe4fef9a4e9e5e7"
  },
  {
    "page_title": "Worlds Highest Standards - Altitude OCR",
    "hyper_text": "Facebook",
    "link": "https://www.facebook.com/WorldsHighestOCR"
  },
  {
    "page_title": "Worlds Highest Standards - Altitude OCR",
    "hyper_text": "Instagram",
    "link": "https://www.instagram.com/worldshighestocr/"
  },
  {
    "page_title": "Worlds Highest Standards - Altitude OCR",
    "hyper_text": "LinkedIn",
    "link": "https://www.linkedin.com/company/world-s-highest-ocr/"
  },
  {
    "page_title": "Worlds Highest Standards - Altitude OCR",
    "hyper_text": "Email Us",
    "link": "https://altitudeocr.com/cdn-cgi/l/email-protection#d3a7b6b2be93b6a3b4bfbcb1b2bfb6a5b6bda7a0fdb0bcbe"
  }
]