[
  {
    "text": "Home",
    "href": "https://comp360software.com/"
  },
  {
    "text": "Product",
    "href": "https://comp360software.com/product/"
  },
  {
    "text": "Commission Management",
    "href": "https://comp360software.com/product/commission-management/"
  },
  {
    "text": "Quota Management",
    "href": "https://comp360software.com/product/quota-management/"
  },
  {
    "text": "Compensation Planning",
    "href": "https://comp360software.com/product/compensation-planning/"
  },
  {
    "text": "Dashboards & Analytics",
    "href": "https://comp360software.com/product/dashboard-and-analytics/"
  },
  {
    "text": "Third-party Integrations",
    "href": "https://comp360software.com/product/third-party-integrations/"
  },
  {
    "text": "Pricing",
    "href": "https://comp360software.com/pricing/"
  },
  {
    "text": "About Us",
    "href": "https://comp360software.com/about-us/"
  },
  {
    "text": "Testimonials",
    "href": "https://comp360software.com/testimonials/"
  },
  {
    "text": "Contact Us",
    "href": "https://comp360software.com/contact-us/"
  },
  {
    "text": "Request a Demo",
    "href": "https://comp360software.com/request-a-demo/"
  }
]