[
  {
    "page_title": "Home | SaaS for Commission, Quota & Payroll Management | COMP360",
    "hyper_text": "Skip to content",
    "link": "https://comp360software.com/#content"
  },
  {
    "page_title": "Home | SaaS for Commission, Quota & Payroll Management | COMP360",
    "hyper_text": "Home",
    "link": "https://comp360software.com/"
  },
  {
    "page_title": "Home | SaaS for Commission, Quota & Payroll Management | COMP360",
    "hyper_text": "Product",
    "link": "https://comp360software.com/product/"
  },
  {
    "page_title": "Home | SaaS for Commission, Quota & Payroll Management | COMP360",
    "hyper_text": "Commission Management",
    "link": "https://comp360software.com/product/commission-management/"
  },
  {
    "page_title": "Home | SaaS for Commission, Quota & Payroll Management | COMP360",
    "hyper_text": "Quota Management",
    "link": "https://comp360software.com/product/quota-management/"
  },
  {
    "page_title": "Home | SaaS for Commission, Quota & Payroll Management | COMP360",
    "hyper_text": "Compensation Planning",
    "link": "https://comp360software.com/product/compensation-planning/"
  },
  {
    "page_title": "Home | SaaS for Commission, Quota & Payroll Management | COMP360",
    "hyper_text": "Dashboards & Analytics",
    "link": "https://comp360software.com/product/dashboard-and-analytics/"
  },
  {
    "page_title": "Home | SaaS for Commission, Quota & Payroll Management | COMP360",
    "hyper_text": "Third-party Integrations",
    "link": "https://comp360software.com/product/third-party-integrations/"
  },
  {
    "page_title": "Home | SaaS for Commission, Quota & Payroll Management | COMP360",
    "hyper_text": "Pricing",
    "link": "https://comp360software.com/pricing/"
  },
  {
    "page_title": "Home | SaaS for Commission, Quota & Payroll Management | COMP360",
    "hyper_text": "About Us",
    "link": "https://comp360software.com/about-us/"
  },
  {
    "page_title": "Home | SaaS for Commission, Quota & Payroll Management | COMP360",
    "hyper_text": "Testimonials",
    "link": "https://comp360software.com/testimonials/"
  },
  {
    "page_title": "Home | SaaS for Commission, Quota & Payroll Management | COMP360",
    "hyper_text": "Contact Us",
    "link": "https://comp360software.com/contact-us/"
  },
  {
    "page_title": "Home | SaaS for Commission, Quota & Payroll Management | COMP360",
    "hyper_text": "Request a Demo",
    "link": "https://comp360software.com/request-a-demo/"
  },
  {
    "page_title": "Home | SaaS for Commission, Quota & Payroll Management | COMP360",
    "hyper_text": "Request a Demo",
    "link": "https://comp360software.com/request-a-demo/"
  },
  {
    "page_title": "Home | SaaS for Commission, Quota & Payroll Management | COMP360",
    "hyper_text": "Request a Demo",
    "link": "https://comp360software.com/request-a-demo/"
  },
  {
    "page_title": "Home | SaaS for Commission, Quota & Payroll Management | COMP360",
    "hyper_text": "Request a Demo",
    "link": "https://comp360software.com/request-a-demo/"
  },
  {
    "page_title": "Home | SaaS for Commission, Quota & Payroll Management | COMP360",
    "hyper_text": "Request a Demo",
    "link": "https://comp360software.com/request-a-demo/"
  },
  {
    "page_title": "Home | SaaS for Commission, Quota & Payroll Management | COMP360",
    "hyper_text": "See Pricing",
    "link": "https://comp360software.com/pricing/"
  },
  {
    "page_title": "Home | SaaS for Commission, Quota & Payroll Management | COMP360",
    "hyper_text": "Commission Management",
    "link": "https://comp360software.com/product/commission-management/"
  },
  {
    "page_title": "Home | SaaS for Commission, Quota & Payroll Management | COMP360",
    "hyper_text": "Quota Management",
    "link": "https://comp360software.com/product/quota-management/"
  },
  {
    "page_title": "Home | SaaS for Commission, Quota & Payroll Management | COMP360",
    "hyper_text": "Compensation Planning",
    "link": "https://comp360software.com/product/compensation-planning/"
  },
  {
    "page_title": "Home | SaaS for Commission, Quota & Payroll Management | COMP360",
    "hyper_text": "Dashboards & Analytics",
    "link": "https://comp360software.com/product/dashboards-analytics/"
  },
  {
    "page_title": "Home | SaaS for Commission, Quota & Payroll Management | COMP360",
    "hyper_text": "Third-party Integrations",
    "link": "https://comp360software.com/product/third-party-integrations/"
  },
  {
    "page_title": "Home | SaaS for Commission, Quota & Payroll Management | COMP360",
    "hyper_text": "About Us",
    "link": "https://comp360software.com/about-us/"
  },
  {
    "page_title": "Home | SaaS for Commission, Quota & Payroll Management | COMP360",
    "hyper_text": "Contact Us",
    "link": "https://comp360software.com/contact-us/"
  },
  {
    "page_title": "Home | SaaS for Commission, Quota & Payroll Management | COMP360",
    "hyper_text": "COMP360",
    "link": "https://comp360software.com/"
  },
  {
    "page_title": "Home | SaaS for Commission, Quota & Payroll Management | COMP360",
    "hyper_text": "Terms of Service",
    "link": "https://comp360software.com/terms-of-service/"
  },
  {
    "page_title": "Home | SaaS for Commission, Quota & Payroll Management | COMP360",
    "hyper_text": "Privacy Policy",
    "link": "https://comp360software.com/privacy-policy/"
  }
]