[
  {
    "text": "EVEREST 2022",
    "href": "https://altitudeocr.com/ocr-everest-2022/"
  },
  {
    "text": "OCR PARA",
    "href": "https://altitudeocr.com/altitude-ocr-para/"
  },
  {
    "text": "WORLD CHAMPIONSHIPS",
    "href": "https://altitudeocr.com/world-championships/"
  },
  {
    "text": "WORLD FINALS",
    "href": "https://altitudeocr.com/world-finals/"
  },
  {
    "text": "WORLD SERIES",
    "href": "https://altitudeocr.com/world-series/"
  },
  {
    "text": "ABOUT US",
    "href": "https://altitudeocr.com/about-us/"
  },
  {
    "text": "OCR JOURNEY",
    "href": "https://altitudeocr.com/altitude-ocr-journey/"
  },
  {
    "text": "PARTNERS",
    "href": "https://altitudeocr.com/partners/"
  },
  {
    "text": "Everest 2022",
    "href": "https://altitudeocr.com/ocr-everest-2022/"
  },
  {
    "text": "World Championships",
    "href": "https://altitudeocr.com/world-championships/"
  },
  {
    "text": "Qualifying Criteria",
    "href": "https://altitudeocr.com/qualifying-criteria/"
  },
  {
    "text": "Press Release",
    "href": "https://altitudeocr.com/press-release/"
  },
  {
    "text": "Kilimanjaro 2021",
    "href": "https://altitudeocr.com/kilimanjaro-2021-2/"
  },
  {
    "text": "World Finals",
    "href": "https://altitudeocr.com/world-finals/"
  },
  {
    "text": "World Series",
    "href": "https://altitudeocr.com/world-series/"
  },
  {
    "text": "About Us",
    "href": "https://altitudeocr.com/about-us/"
  },
  {
    "text": "Ambassadors",
    "href": "https://altitudeocr.com/ambassadors/"
  },
  {
    "text": "Worlds Highest Standards",
    "href": "https://altitudeocr.com/worlds-highest-standards/"
  },
  {
    "text": "Worlds Highest Values",
    "href": "https://altitudeocr.com/worlds-highest-values/"
  },
  {
    "text": "OCR Journey",
    "href": "https://altitudeocr.com/altitude-ocr-journey/"
  },
  {
    "text": "Partners",
    "href": "https://altitudeocr.com/partners/"
  },
  {
    "text": "QUALIFYING CRITERIA",
    "href": "https://altitudeocr.com/qualifying-criteria/"
  },
  {
    "text": "PRESS RELEASE",
    "href": "https://altitudeocr.com/press-release/"
  },
  {
    "text": "KILIMANJARO 2021",
    "href": "https://altitudeocr.com/kilimanjaro-2021-2/"
  },
  {
    "text": "AMBASSADORS",
    "href": "https://altitudeocr.com/ambassadors/"
  },
  {
    "text": "WORLDS HIGHEST STANDARDS",
    "href": "https://altitudeocr.com/worlds-highest-standards/"
  },
  {
    "text": "WORLDS HIGHEST VALUES",
    "href": "https://altitudeocr.com/worlds-highest-values/"
  }
]